>DHH_Hip1_1,1,1,167
>DHH_Hip1_1,2,1,263
>DHH_Hip1_14,1,1,80
>DHH_Hip1_15,1,1,76
>DHH_Hip1_26,1,1,3693
>DHH_Hip1_28,1,1,3835
>DHH_Hip1_3,1,1,97
>DHH_Hip1_43,1,1,3177
>DHH_Hip1_5,1,1,136
>DHH_Hip2_1,1,1,364
>DHH_Hip2_1,2,1,279
>DHH_Hip2_2,1,1,1058
>DHH_Hip2_45,1,1,299
>DHH_Hip5_12,1,1,252
>DHH_Hip6_2,1,1,252
>DHH_Hip6_2,2,1,71
>DHH_Hip6_5,1,1,248
>DHH_Hip7_1,1,1,1458
>DTA_ZM00001_consensus,1,1,2682
>DTA_ZM00001_consensus,2,1,287
>DTA_ZM00002_consensus,1,1,2871
>DTA_ZM00004_consensus,1,1,2357
>DTA_ZM00004_consensus,2,1,2431
>DTA_ZM00005_consensus,1,1,783
>DTA_ZM00006_consensus,1,1,447
>DTA_ZM00006_consensus,2,1,1064
>DTA_ZM00007_consensus,1,1,3671
>DTA_ZM00008_consensus,1,1,354
>DTA_ZM00008_consensus,2,1,1097
>DTA_ZM00009_consensus,1,1,3726
>DTA_ZM00010_consensus,1,1,1075
>DTA_ZM00010_consensus,2,1,1024
>DTA_ZM00011_consensus,1,1,864
>DTA_ZM00011_consensus,2,1,883
>DTA_ZM00012_consensus,1,1,4056
>DTA_ZM00013_consensus,1,1,4014
>DTA_ZM00014_consensus,1,1,1814
>DTA_ZM00014_consensus,2,1,1982
>DTA_ZM00015_consensus,1,1,882
>DTA_ZM00015_consensus,2,1,1467
>DTA_ZM00016_consensus,1,1,3625
>DTA_ZM00017_consensus,1,1,4015
>DTA_ZM00018_consensus,1,1,1033
>DTA_ZM00018_consensus,2,1,1568
>DTA_ZM00019_consensus,1,1,96
>DTA_ZM00019_consensus,2,1,2621
>DTA_ZM00020_consensus,1,1,3612
>DTA_ZM00021_consensus,1,1,3495
>DTA_ZM00022_consensus,1,1,3752
>DTA_ZM00023_consensus,1,1,3813
>DTA_ZM00024_consensus,1,1,4073
>DTA_ZM00025_consensus,1,1,3258
>DTA_ZM00025_consensus,2,1,309
>DTA_ZM00026_consensus,1,1,2588
>DTA_ZM00026_consensus,2,1,670
>DTA_ZM00027_consensus,1,1,2364
>DTA_ZM00027_consensus,2,1,709
>DTA_ZM00027_consensus,3,1,397
>DTA_ZM00028_consensus,1,1,1635
>DTA_ZM00028_consensus,2,1,856
>DTA_ZM00029_consensus,1,1,1382
>DTA_ZM00029_consensus,2,1,192
>DTA_ZM00030_consensus,1,1,339
>DTA_ZM00030_consensus,2,1,149
>DTA_ZM00030_consensus,3,1,1109
>DTA_ZM00031_consensus,1,1,1098
>DTA_ZM00031_consensus,2,1,151
>DTA_ZM00031_consensus,3,1,429
>DTA_ZM00032_consensus,1,1,943
>DTA_ZM00032_consensus,2,1,162
>DTA_ZM00032_consensus,3,1,223
>DTA_ZM00033_consensus,1,1,3701
>DTA_ZM00034_consensus,1,1,3536
>DTA_ZM00035_consensus,1,1,681
>DTA_ZM00035_consensus,2,1,2647
>DTA_ZM00036_consensus,1,1,899
>DTA_ZM00036_consensus,2,1,2098
>DTA_ZM00037_consensus,1,1,3373
>DTA_ZM00038_consensus,1,1,3390
>DTA_ZM00039_consensus,1,1,3041
>DTA_ZM00041_consensus,1,1,178
>DTA_ZM00041_consensus,2,1,1069
>DTA_ZM00041_consensus,3,1,2404
>DTA_ZM00042_consensus,1,1,481
>DTA_ZM00042_consensus,2,1,765
>DTA_ZM00048_consensus,1,1,537
>DTA_ZM00052_consensus,1,1,787
>DTA_ZM00054_consensus,1,1,629
>DTA_ZM00055_consensus,1,1,551
>DTA_ZM00057_consensus,1,1,164
>DTA_ZM00058_consensus,1,1,154
>DTA_ZM00059_consensus,1,1,638
>DTA_ZM00063_consensus,1,1,1367
>DTA_ZM00064_consensus,1,1,352
>DTA_ZM00067_consensus,1,1,645
>DTA_ZM00068_consensus,1,1,1001
>DTA_ZM00070_consensus,1,1,90
>DTA_ZM00071_consensus,1,1,3378
>DTA_ZM00072_consensus,1,1,186
>DTA_ZM00075_consensus,1,1,146
>DTA_ZM00076_consensus,1,1,146
>DTA_ZM00077_consensus,1,1,644
>DTA_ZM00079_consensus,1,1,936
>DTA_ZM00080_consensus,1,1,463
>DTA_ZM00081_consensus,1,1,687
>DTA_ZM00082_consensus,1,1,444
>DTA_ZM00084_consensus,1,1,299
>DTA_ZM00085_consensus,1,1,910
>DTA_ZM00088_consensus,1,1,985
>DTA_ZM00089_consensus,1,1,434
>DTA_ZM00091_consensus,1,1,146
>DTA_ZM00095_consensus,1,1,624
>DTA_ZM00096_consensus,1,1,467
>DTA_ZM00098_consensus,1,1,559
>DTA_ZM00099_consensus,1,1,80
>DTA_ZM00101_consensus,1,1,862
>DTA_ZM00102_consensus,1,1,96
>DTA_ZM00103_consensus,1,1,625
>DTA_ZM00105_consensus,1,1,243
>DTA_ZM00106_consensus,1,1,907
>DTA_ZM00108_consensus,1,1,781
>DTA_ZM00109_consensus,1,1,178
>DTA_ZM00111_consensus,1,1,233
>DTA_ZM00112_consensus,1,1,396
>DTA_ZM00113_consensus,1,1,403
>DTA_ZM00114_consensus,1,1,244
>DTA_ZM00114_consensus,2,1,532
>DTA_ZM00115_consensus,1,1,271
>DTA_ZM00121_consensus,1,1,271
>DTA_ZM00123_consensus,1,1,102
>DTA_ZM00124_consensus,1,1,231
>DTA_ZM00125_consensus,1,1,197
>DTA_ZM00126_consensus,1,1,550
>DTA_ZM00129_consensus,1,1,478
>DTA_ZM00131_consensus,1,1,130
>DTA_ZM00132_consensus,1,1,77
>DTA_ZM00132_consensus,2,1,195
>DTA_ZM00133_consensus,1,1,671
>DTA_ZM00134_consensus,1,1,187
>DTA_ZM00136_consensus,1,1,861
>DTA_ZM00137_consensus,1,1,166
>DTA_ZM00138_consensus,1,1,1173
>DTA_ZM00139_consensus,1,1,380
>DTA_ZM00140_consensus,1,1,264
>DTA_ZM00141_consensus,1,1,620
>DTA_ZM00142_consensus,1,1,185
>DTA_ZM00144_consensus,1,1,205
>DTA_ZM00144_consensus,2,1,104
>DTA_ZM00145_consensus,1,1,583
>DTA_ZM00146_consensus,1,1,498
>DTA_ZM00148_consensus,1,1,359
>DTA_ZM00149_consensus,1,1,665
>DTA_ZM00150_consensus,1,1,682
>DTA_ZM00151_consensus,1,1,472
>DTA_ZM00152_consensus,1,1,243
>DTA_ZM00153_consensus,1,1,1012
>DTA_ZM00154_consensus,1,1,447
>DTA_ZM00155_consensus,1,1,614
>DTA_ZM00156_consensus,1,1,510
>DTA_ZM00157_consensus,1,1,481
>DTA_ZM00158_consensus,1,1,296
>DTA_ZM00159_consensus,1,1,641
>DTA_ZM00160_consensus,1,1,726
>DTA_ZM00162_consensus,1,1,224
>DTA_ZM00164_consensus,1,1,474
>DTA_ZM00165_consensus,1,1,572
>DTA_ZM00166_consensus,1,1,244
>DTA_ZM00167_consensus,1,1,337
>DTA_ZM00168_consensus,1,1,168
>DTA_ZM00169_consensus,1,1,370
>DTA_ZM00171_consensus,1,1,74
>DTA_ZM00172_consensus,1,1,107
>DTA_ZM00173_consensus,1,1,162
>DTA_ZM00174_consensus,1,1,190
>DTA_ZM00179_consensus,1,1,282
>DTA_ZM00179_consensus,2,1,183
>DTA_ZM00180_consensus,1,1,343
>DTA_ZM00181_consensus,1,1,592
>DTA_ZM00182_consensus,1,1,403
>DTA_ZM00183_consensus,1,1,234
>DTA_ZM00184_consensus,1,1,796
>DTA_ZM00186_consensus,1,1,397
>DTA_ZM00187_consensus,1,1,883
>DTA_ZM00188_consensus,1,1,571
>DTA_ZM00189_consensus,1,1,784
>DTA_ZM00190_consensus,1,1,118
>DTA_ZM00190_consensus,2,1,314
>DTA_ZM00191_consensus,1,1,167
>DTA_ZM00192_consensus,1,1,576
>DTA_ZM00194_consensus,1,1,348
>DTA_ZM00195_consensus,1,1,275
>DTA_ZM00196_consensus,1,1,719
>DTA_ZM00197_consensus,1,1,691
>DTA_ZM00199_consensus,1,1,617
>DTA_ZM00201_consensus,1,1,474
>DTA_ZM00202_consensus,1,1,362
>DTA_ZM00207_consensus,1,1,802
>DTA_ZM00208_consensus,1,1,466
>DTA_ZM00209_consensus,1,1,150
>DTA_ZM00210_consensus,1,1,158
>DTA_ZM00211_consensus,1,1,535
>DTA_ZM00212_consensus,1,1,786
>DTA_ZM00213_consensus,1,1,435
>DTA_ZM00214_consensus,1,1,401
>DTA_ZM00215_consensus,1,1,79
>DTA_ZM00217_consensus,1,1,377
>DTA_ZM00218_consensus,1,1,157
>DTA_ZM00219_consensus,1,1,195
>DTA_ZM00220_consensus,1,1,149
>DTA_ZM00221_consensus,1,1,117
>DTA_ZM00224_consensus,1,1,144
>DTA_ZM00225_consensus,1,1,214
>DTA_ZM00226_consensus,1,1,178
>DTA_ZM00227_consensus,1,1,85
>DTA_ZM00228_consensus,1,1,339
>DTA_ZM00229_consensus,1,1,377
>DTA_ZM00230_consensus,1,1,157
>DTA_ZM00231_consensus,1,1,743
>DTA_ZM00232_consensus,1,1,420
>DTA_ZM00233_consensus,1,1,619
>DTA_ZM00234_consensus,1,1,183
>DTA_ZM00236_consensus,1,1,678
>DTA_ZM00237_consensus,1,1,750
>DTA_ZM00239_consensus,1,1,162
>DTA_ZM00240_consensus,1,1,562
>DTA_ZM00241_consensus,1,1,234
>DTA_ZM00242_consensus,1,1,782
>DTA_ZM00243_consensus,1,1,156
>DTA_ZM00245_consensus,1,1,801
>DTA_ZM00246_consensus,1,1,814
>DTA_ZM00247_consensus,1,1,592
>DTA_ZM00248_consensus,1,1,316
>DTA_ZM00249_consensus,1,1,200
>DTA_ZM00250_consensus,1,1,612
>DTA_ZM00251_consensus,1,1,358
>DTA_ZM00253_consensus,1,1,792
>DTA_ZM00254_consensus,1,1,253
>DTA_ZM00255_consensus,1,1,876
>DTA_ZM00256_consensus,1,1,242
>DTA_ZM00258_consensus,1,1,829
>DTA_ZM00259_consensus,1,1,944
>DTA_ZM00260_consensus,1,1,345
>DTA_ZM00261_consensus,1,1,335
>DTA_ZM00262_consensus,1,1,410
>DTA_ZM00263_consensus,1,1,836
>DTA_ZM00264_consensus,1,1,841
>DTA_ZM00265_consensus,1,1,388
>DTA_ZM00266_consensus,1,1,157
>DTA_ZM00267_consensus,1,1,641
>DTA_ZM00270_consensus,1,1,315
>DTA_ZM00271_consensus,1,1,310
>DTA_ZM00272_consensus,1,1,823
>DTA_ZM00274_consensus,1,1,210
>DTA_ZM00276_consensus,1,1,396
>DTA_ZM00277_consensus,1,1,496
>DTA_ZM00278_consensus,1,1,653
>DTA_ZM00280_consensus,1,1,313
>DTA_ZM00282_consensus,1,1,372
>DTA_ZM00283_consensus,1,1,536
>DTA_ZM00285_consensus,1,1,479
>DTA_ZM00286_consensus,1,1,169
>DTA_ZM00287_consensus,1,1,1200
>DTA_ZM00288_consensus,1,1,760
>DTA_ZM00289_consensus,1,1,796
>DTA_ZM00290_consensus,1,1,264
>DTA_ZM00292_consensus,1,1,538
>DTA_ZM00294_consensus,1,1,301
>DTA_ZM00296_consensus,1,1,520
>DTA_ZM00299_consensus,1,1,652
>DTA_ZM00300_consensus,1,1,112
>DTA_ZM00301_consensus,1,1,621
>DTA_ZM00302_consensus,1,1,355
>DTA_ZM00303_consensus,1,1,157
>DTA_ZM00304_consensus,1,1,547
>DTA_ZM00306_consensus,1,1,521
>DTA_ZM00308_consensus,1,1,446
>DTA_ZM00312_consensus,1,1,200
>DTA_ZM00313_consensus,1,1,415
>DTA_ZM00314_consensus,1,1,367
>DTA_ZM00315_consensus,1,1,158
>DTA_ZM00316_consensus,1,1,76
>DTA_ZM00317_consensus,1,1,158
>DTA_ZM00319_consensus,1,1,486
>DTA_ZM00322_consensus,1,1,369
>DTA_ZM00323_consensus,1,1,181
>DTA_ZM00324_consensus,1,1,326
>DTA_ZM00325_consensus,1,1,82
>DTA_ZM00326_consensus,1,1,561
>DTA_ZM00327_consensus,1,1,661
>DTA_ZM00328_consensus,1,1,480
>DTA_ZM00329_consensus,1,1,528
>DTA_ZM00330_consensus,1,1,365
>DTA_ZM00332_consensus,1,1,312
>DTA_ZM00333_consensus,1,1,235
>DTA_ZM00335_consensus,1,1,171
>DTA_ZM00336_consensus,1,1,285
>DTA_ZM00339_consensus,1,1,167
>DTA_ZM00340_consensus,1,1,224
>DTA_ZM00341_consensus,1,1,83
>DTA_ZM00343_consensus,1,1,534
>DTA_ZM00346_consensus,1,1,529
>DTA_ZM00347_consensus,1,1,238
>DTA_ZM00348_consensus,1,1,175
>DTA_ZM00351_consensus,1,1,459
>DTA_ZM00353_consensus,1,1,235
>DTA_ZM00356_consensus,1,1,166
>DTA_ZM00357_consensus,1,1,201
>DTA_ZM00358_consensus,1,1,135
>DTA_ZM00361_consensus,1,1,736
>DTA_ZM00362_consensus,1,1,402
>DTA_ZM00364_consensus,1,1,167
>DTA_ZM00365_consensus,1,1,596
>DTA_ZM00366_consensus,1,1,809
>DTA_ZM00373_consensus,1,1,257
>DTA_ZM00374_consensus,1,1,131
>DTA_ZM00377_consensus,1,1,183
>DTA_ZM00378_consensus,1,1,156
>DTA_ZM00379_consensus,1,1,164
>DTA_ZM00380_consensus,1,1,454
>DTA_ZM00381_consensus,1,1,459
>DTA_ZM00382_consensus,1,1,142
>DTA_ZM00383_consensus,1,1,384
>DTA_ZM00384_consensus,1,1,501
>DTA_ZM00385_consensus,1,1,285
>DTA_ZM00387_consensus,1,1,395
>DTC_ZM00002_consensus,1,1,257
>DTC_ZM00002_consensus,2,1,212
>DTC_ZM00002_consensus,3,1,170
>DTC_ZM00003_consensus,1,1,460
>DTC_ZM00003_consensus,2,1,140
>DTC_ZM00004_consensus,1,1,650
>DTC_ZM00005_consensus,1,1,164
>DTC_ZM00006_consensus,1,1,2470
>DTC_ZM00006_consensus,2,1,251
>DTC_ZM00007_consensus,1,1,171
>DTC_ZM00007_consensus,2,1,860
>DTC_ZM00007_consensus,3,1,317
>DTC_ZM00007_consensus,4,1,425
>DTC_ZM00010_consensus,1,1,192
>DTC_ZM00010_consensus,2,1,829
>DTC_ZM00010_consensus,3,1,131
>DTC_ZM00012_consensus,1,1,92
>DTC_ZM00013_consensus,1,1,708
>DTC_ZM00013_consensus,1,2,74
>DTC_ZM00013_consensus,2,1,1381
>DTC_ZM00013_consensus,3,1,1019
>DTC_ZM00014_consensus,1,1,4627
>DTC_ZM00014_consensus,2,1,4774
>DTC_ZM00014_consensus,3,1,292
>DTC_ZM00014_consensus,5,1,116
>DTC_ZM00015_consensus,1,1,5583
>DTC_ZM00016_consensus,1,1,478
>DTC_ZM00016_consensus,2,1,88
>DTC_ZM00017_consensus,1,1,683
>DTC_ZM00017_consensus,2,1,1721
>DTC_ZM00017_consensus,3,1,2096
>DTC_ZM00020_consensus,1,1,1306
>DTC_ZM00020_consensus,2,1,71
>DTC_ZM00020_consensus,2,2,155
>DTC_ZM00021_consensus,1,1,1356
>DTC_ZM00022_consensus,1,1,104
>DTC_ZM00023_consensus,1,1,82
>DTC_ZM00025_consensus,1,1,2619
>DTC_ZM00025_consensus,2,1,844
>DTC_ZM00025_consensus,3,1,758
>DTC_ZM00025_consensus,4,1,759
>DTC_ZM00025_consensus,5,1,502
>DTC_ZM00026_consensus,1,1,1268
>DTC_ZM00027_consensus,1,1,817
>DTC_ZM00027_consensus,2,1,355
>DTC_ZM00028_consensus,1,1,1545
>DTC_ZM00028_consensus,2,1,506
>DTC_ZM00030_consensus,1,1,81
>DTC_ZM00030_consensus,2,1,92
>DTC_ZM00030_consensus,3,1,351
>DTC_ZM00030_consensus,4,1,414
>DTC_ZM00031_consensus,1,1,138
>DTC_ZM00034_consensus,1,1,3554
>DTC_ZM00034_consensus,2,1,1612
>DTC_ZM00036_consensus,1,1,90
>DTC_ZM00038_consensus,1,1,138
>DTC_ZM00038_consensus,2,1,508
>DTC_ZM00038_consensus,3,1,113
>DTC_ZM00041_consensus,1,1,728
>DTC_ZM00041_consensus,2,1,104
>DTC_ZM00041_consensus,3,1,74
>DTC_ZM00041_consensus,4,1,1139
>DTC_ZM00043_consensus,1,1,945
>DTC_ZM00044_consensus,1,1,961
>DTC_ZM00044_consensus,2,1,321
>DTC_ZM00045_consensus,1,1,4472
>DTC_ZM00045_consensus,2,1,2100
>DTC_ZM00047_consensus,1,1,301
>DTC_ZM00047_consensus,2,1,153
>DTC_ZM00050_consensus,1,1,299
>DTC_ZM00051_consensus,1,1,374
>DTC_ZM00051_consensus,2,1,1013
>DTC_ZM00051_consensus,3,1,242
>DTC_ZM00051_consensus,4,1,495
>DTC_ZM00051_consensus,5,1,4980
>DTC_ZM00052_consensus,1,1,204
>DTC_ZM00053_consensus,1,1,241
>DTC_ZM00053_consensus,2,1,143
>DTC_ZM00056_consensus,1,1,159
>DTC_ZM00057_consensus,1,1,116
>DTC_ZM00057_consensus,2,1,116
>DTC_ZM00057_consensus,3,1,94
>DTC_ZM00059_consensus,1,1,350
>DTC_ZM00060_consensus,1,1,9256
>DTC_ZM00061_consensus,1,1,504
>DTC_ZM00061_consensus,2,1,2036
>DTC_ZM00062_consensus,1,1,895
>DTC_ZM00062_consensus,2,1,1274
>DTC_ZM00062_consensus,3,1,1181
>DTC_ZM00063_consensus,1,1,5490
>DTC_ZM00063_consensus,2,1,1494
>DTC_ZM00063_consensus,3,1,985
>DTC_ZM00065_consensus,1,1,108
>DTC_ZM00068_consensus,1,1,318
>DTC_ZM00068_consensus,2,1,881
>DTC_ZM00068_consensus,3,1,390
>DTC_ZM00068_consensus,4,1,101
>DTC_ZM00069_consensus,1,1,179
>DTC_ZM00069_consensus,2,1,564
>DTC_ZM00069_consensus,3,1,2715
>DTC_ZM00069_consensus,4,1,1584
>DTC_ZM00070_consensus,1,1,86
>DTC_ZM00070_consensus,2,1,292
>DTC_ZM00072_consensus,1,1,132
>DTC_ZM00072_consensus,2,1,233
>DTC_ZM00077_consensus,1,1,1877
>DTC_ZM00077_consensus,2,1,87
>DTC_ZM00077_consensus,3,1,1250
>DTC_ZM00077_consensus,4,1,1722
>DTC_ZM00078_consensus,1,1,78
>DTC_ZM00081_consensus,1,1,2897
>DTC_ZM00081_consensus,2,1,737
>DTC_ZM00082_consensus,1,1,171
>DTC_ZM00082_consensus,2,1,1557
>DTC_ZM00083_consensus,1,1,576
>DTC_ZM00083_consensus,2,1,1129
>DTC_ZM00084_consensus,1,1,1556
>DTC_ZM00085_consensus,1,1,694
>DTC_ZM00089_consensus,1,1,306
>DTC_ZM00089_consensus,2,1,407
>DTC_ZM00089_consensus,3,1,890
>DTC_ZM00091_consensus,1,1,119
>DTC_ZM00091_consensus,2,1,74
>DTC_ZM00092_consensus,1,1,330
>DTC_ZM00092_consensus,2,1,139
>DTC_ZM00092_consensus,3,1,685
>DTC_ZM00092_consensus,4,1,1769
>DTC_ZM00093_consensus,1,1,1228
>DTC_ZM00093_consensus,2,1,118
>DTC_ZM00094_consensus,1,1,4924
>DTC_ZM00094_consensus,2,1,6065
>DTC_ZM00095_consensus,1,1,712
>DTC_ZM00095_consensus,2,1,156
>DTC_ZM00096_consensus,1,1,154
>DTC_ZM00098_consensus,1,1,78
>DTC_ZM00101_consensus,1,1,7268
>DTC_ZM00102_consensus,1,1,603
>DTC_ZM00102_consensus,2,1,81
>DTC_ZM00103_consensus,1,1,80
>DTC_ZM00103_consensus,2,1,96
>DTC_ZM00105_consensus,1,1,943
>DTC_ZM00105_consensus,2,1,660
>DTC_ZM00106_consensus,1,1,3168
>DTC_ZM00107_consensus,1,1,5470
>DTC_ZM00108_consensus,1,1,306
>DTC_ZM00108_consensus,2,1,6174
>DTC_ZM00109_consensus,1,1,1053
>DTC_ZM00110_consensus,1,1,150
>DTC_ZM00113_consensus,1,1,343
>DTC_ZM00122_consensus,1,1,211
>DTC_ZM00122_consensus,2,1,391
>DTC_ZM00125_consensus,1,1,259
>DTC_ZM00126_consensus,1,1,236
>DTH_ZM00001_consensus,1,1,3833
>DTH_ZM00003_consensus,1,1,4064
>DTH_ZM00004_consensus,1,1,3203
>DTH_ZM00005_consensus,1,1,94
>DTH_ZM00011_consensus,1,1,844
>DTH_ZM00012_consensus,1,1,4663
>DTH_ZM00013_consensus,1,1,3901
>DTH_ZM00014_consensus,1,1,3501
>DTH_ZM00015_consensus,1,1,653
>DTH_ZM00015_consensus,2,1,509
>DTH_ZM00016_consensus,1,1,118
>DTH_ZM00016_consensus,2,1,169
>DTH_ZM00016_consensus,3,1,107
>DTH_ZM00016_consensus,4,1,293
>DTH_ZM00016_consensus,5,1,571
>DTH_ZM00016_consensus,6,1,475
>DTH_ZM00017_consensus,1,1,4491
>DTH_ZM00018_consensus,1,1,4875
>DTH_ZM00019_consensus,1,1,3961
>DTH_ZM00020_consensus,1,1,3596
>DTH_ZM00021_consensus,1,1,4904
>DTH_ZM00022_consensus,1,1,4357
>DTH_ZM00023_consensus,1,1,535
>DTH_ZM00024_consensus,1,1,550
>DTH_ZM00024_consensus,2,1,166
>DTH_ZM00024_consensus,3,1,1193
>DTH_ZM00025_consensus,1,1,1905
>DTH_ZM00026_consensus,1,1,1151
>DTH_ZM00026_consensus,2,1,2491
>DTH_ZM00027_consensus,1,1,1214
>DTH_ZM00027_consensus,2,1,2746
>DTH_ZM00029_consensus,1,1,3064
>DTH_ZM00029_consensus,2,1,784
>DTH_ZM00030_consensus,1,1,542
>DTH_ZM00030_consensus,2,1,2717
>DTH_ZM00031_consensus,1,1,2504
>DTH_ZM00031_consensus,2,1,751
>DTH_ZM00032_consensus,1,1,3210
>DTH_ZM00034_consensus,1,1,1141
>DTH_ZM00034_consensus,2,1,188
>DTH_ZM00035_consensus,1,1,4847
>DTH_ZM00035_consensus,2,1,1384
>DTH_ZM00036_consensus,1,1,2426
>DTH_ZM00036_consensus,2,1,772
>DTH_ZM00037_consensus,1,1,184
>DTH_ZM00038_consensus,1,1,502
>DTH_ZM00039_consensus,1,1,268
>DTH_ZM00040_consensus,1,1,91
>DTH_ZM00042_consensus,1,1,145
>DTH_ZM00043_consensus,1,1,190
>DTH_ZM00044_consensus,1,1,433
>DTH_ZM00045_consensus,1,1,348
>DTH_ZM00048_consensus,1,1,192
>DTH_ZM00049_consensus,1,1,221
>DTH_ZM00050_consensus,1,1,210
>DTH_ZM00051_consensus,1,1,532
>DTH_ZM00052_consensus,1,1,379
>DTH_ZM00053_consensus,1,1,503
>DTH_ZM00054_consensus,1,1,402
>DTH_ZM00055_consensus,1,1,539
>DTH_ZM00056_consensus,1,1,345
>DTH_ZM00057_consensus,1,1,447
>DTH_ZM00058_consensus,1,1,179
>DTH_ZM00062_consensus,1,1,333
>DTH_ZM00071_consensus,1,1,170
>DTH_ZM00073_consensus,1,1,128
>DTH_ZM00084_consensus,1,1,249
>DTH_ZM00089_consensus,1,1,126
>DTH_ZM00090_consensus,1,1,110
>DTH_ZM00093_consensus,1,1,346
>DTH_ZM00096_consensus,1,1,460
>DTH_ZM00104_consensus,1,1,1195
>DTH_ZM00114_consensus,1,1,210
>DTH_ZM00118_consensus,1,1,137
>DTH_ZM00119_consensus,1,1,107
>DTH_ZM00124_consensus,1,1,258
>DTH_ZM00127_consensus,1,1,232
>DTH_ZM00135_consensus,1,1,399
>DTH_ZM00140_consensus,1,1,665
>DTH_ZM00145_consensus,1,1,83
>DTH_ZM00153_consensus,1,1,78
>DTH_ZM00159_consensus,1,1,231
>DTH_ZM00160_consensus,1,1,118
>DTH_ZM00162_consensus,1,1,286
>DTH_ZM00163_consensus,1,1,117
>DTH_ZM00168_consensus,1,1,854
>DTH_ZM00178_consensus,1,1,331
>DTH_ZM00180_consensus,1,1,290
>DTH_ZM00181_consensus,1,1,244
>DTH_ZM00184_consensus,1,1,141
>DTH_ZM00193_consensus,1,1,297
>DTH_ZM00194_consensus,1,1,333
>DTH_ZM00195_consensus,1,1,301
>DTH_ZM00199_consensus,1,1,227
>DTH_ZM00202_consensus,1,1,319
>DTH_ZM00206_consensus,1,1,457
>DTH_ZM00211_consensus,1,1,266
>DTH_ZM00218_consensus,1,1,496
>DTH_ZM00220_consensus,1,1,129
>DTH_ZM00226_consensus,1,1,127
>DTH_ZM00234_consensus,1,1,765
>DTH_ZM00236_consensus,1,1,657
>DTH_ZM00240_consensus,1,1,769
>DTH_ZM00241_consensus,1,1,384
>DTH_ZM00244_consensus,1,1,582
>DTH_ZM00246_consensus,1,1,309
>DTH_ZM00249_consensus,1,1,116
>DTH_ZM00270_consensus,1,1,289
>DTH_ZM00273_consensus,1,1,324
>DTH_ZM00276_consensus,1,1,117
>DTH_ZM00285_consensus,1,1,199
>DTH_ZM00288_consensus,1,1,219
>DTH_ZM00291_consensus,1,1,340
>DTH_ZM00292_consensus,1,1,601
>DTH_ZM00307_consensus,1,1,192
>DTH_ZM00311_consensus,1,1,342
>DTH_ZM00314_consensus,1,1,191
>DTH_ZM00316_consensus,1,1,224
>DTH_ZM00320_consensus,1,1,158
>DTH_ZM00324_consensus,1,1,1135
>DTH_ZM00325_consensus,1,1,273
>DTH_ZM00326_consensus,1,1,201
>DTH_ZM00327_consensus,1,1,78
>DTH_ZM00335_consensus,1,1,212
>DTH_ZM00340_consensus,1,1,305
>DTH_ZM00347_consensus,1,1,384
>DTH_ZM00350_consensus,1,1,281
>DTH_ZM00351_consensus,1,1,128
>DTH_ZM00358_consensus,1,1,208
>DTH_ZM00361_consensus,1,1,128
>DTH_ZM00364_consensus,1,1,121
>DTH_ZM00367_consensus,1,1,193
>DTH_ZM00368_consensus,1,1,127
>DTH_ZM00374_consensus,1,1,444
>DTH_ZM00382_consensus,1,1,108
>DTH_ZM00385_consensus,1,1,326
>DTH_ZM00388_consensus,1,1,479
>DTH_ZM00391_consensus,1,1,166
>DTH_ZM00395_consensus,1,1,602
>DTH_ZM00409_consensus,1,1,179
>DTH_ZM00410_consensus,1,1,191
>DTH_ZM00412_consensus,1,1,343
>DTH_ZM00418_consensus,1,1,191
>DTH_ZM00424_consensus,1,1,234
>DTH_ZM00431_consensus,1,1,385
>DTH_ZM00433_consensus,1,1,220
>DTH_ZM00451_consensus,1,1,800
>DTH_ZM00453_consensus,1,1,127
>DTH_ZM00458_consensus,1,1,116
>DTH_ZM00460_consensus,1,1,98
>DTH_ZM00463_consensus,1,1,406
>DTH_ZM00465_consensus,1,1,224
>DTH_ZM00471_consensus,1,1,332
>DTH_ZM00479_consensus,1,1,385
>DTH_ZM00485_consensus,1,1,81
>DTH_ZM00489_consensus,1,1,190
>DTH_ZM00495_consensus,1,1,233
>DTM_Zm00030_AC190592-1,1,1,1029
>DTM_Zm00030_AC190592-1,2,1,7327
>DTM_Zm00118_consensus,1,1,155
>DTM_Zm00197_AC185211-1,1,1,634
>DTM_Zm00197_AC185211-1,2,1,615
>DTM_Zm00197_AC185211-1,3,1,126
>DTM_Zm00197_AC185211-1,4,1,796
>DTM_Zm00197_AC185211-1,5,1,355
>DTM_Zm00257_consensus,1,1,155
>DTM_Zm00266_consensus,1,1,238
>DTM_Zm00268_AC191380-1,1,1,811
>DTM_Zm00268_AC191380-1,2,1,312
>DTM_Zm00268_AC191380-1,2,2,597
>DTM_Zm00268_AC191380-1,3,1,109
>DTM_Zm00299_consensus,1,1,242
>DTM_Zm00346_AC182611-1,1,1,419
>DTM_Zm00364_AC196271-1,1,1,1235
>DTM_Zm00364_AC196271-1,2,1,236
>DTM_Zm00473_AC191070-1,1,1,1243
>DTM_Zm00555_consensus,1,1,245
>DTM_Zm00614_AC192252-1,1,1,607
>DTM_Zm00614_AC192252-1,2,1,420
>DTM_Zm00628_AC207419-1,1,1,963
>DTM_Zm00628_AC207419-1,2,1,10259
>DTM_Zm00665_AC184764-1,1,1,1625
>DTM_Zm00665_AC184764-1,2,1,8088
>DTM_Zm00673_AC187563-1,1,1,186
>DTM_Zm00673_AC187563-1,2,1,985
>DTM_Zm00743_AC177943-1,1,1,8557
>DTM_Zm00796_consensus,1,1,197
>DTM_Zm00800_consensus,1,1,240
>DTM_Zm00850_AC186314-1,1,1,615
>DTM_Zm00850_AC186314-1,2,1,601
>DTM_Zm00851_AC186342-1,1,1,979
>DTM_Zm00851_AC186342-1,2,1,836
>DTM_Zm00851_AC186342-1,3,1,1073
>DTM_Zm00884_AC214130-1,1,1,753
>DTM_Zm00884_AC214130-1,2,1,909
>DTM_Zm00884_AC214130-1,3,1,823
>DTM_Zm01468_AC186160-1,1,1,1184
>DTM_Zm01468_AC186160-1,2,1,3613
>DTM_Zm01472_AC185516-1,1,1,854
>DTM_Zm01472_AC185516-1,2,1,522
>DTM_Zm01654_consensus,1,1,246
>DTM_Zm01980_AC186668-1,1,1,646
>DTM_Zm02039_AC199523-1,1,1,349
>DTM_Zm02066_AC183508-1,1,1,274
>DTM_Zm02066_AC183508-1,2,1,1344
>DTM_Zm02066_AC183508-1,3,1,610
>DTM_Zm02084_consensus,1,1,204
>DTM_Zm02117_AC177838-1,1,1,105
>DTM_Zm02117_AC177838-1,2,1,2341
>DTM_Zm02117_AC177838-1,3,1,8706
>DTM_Zm02275_consensus,1,1,254
>DTM_Zm02569_AC177893-1,1,1,553
>DTM_Zm02569_AC177893-1,2,1,2154
>DTM_Zm02656_AC189800-1,1,1,817
>DTM_Zm02656_AC189800-1,2,1,690
>DTM_Zm02656_AC189800-1,3,1,551
>DTM_Zm02661_AC177816-1,1,1,339
>DTM_Zm02661_AC177816-1,2,1,274
>DTM_Zm02661_AC177816-1,3,1,1374
>DTM_Zm02703_AC177838-1,1,1,1218
>DTM_Zm02703_AC177838-1,2,1,113
>DTM_Zm02731_AC194595-1,1,1,1166
>DTM_Zm02731_AC194595-1,2,1,7510
>DTM_Zm02785_AC190936-1,1,1,1238
>DTM_Zm02947_AC197071-1,1,1,461
>DTM_Zm02947_AC197071-1,2,1,88
>DTM_Zm02947_AC197071-1,3,1,1177
>DTM_Zm03238_AC195860-1,1,1,213
>DTM_Zm03238_AC195860-1,2,1,160
>DTM_Zm03556_AC177900-1,1,1,1873
>DTM_Zm03723_AC185669-1,1,1,735
>DTM_Zm03723_AC185669-1,2,1,1351
>DTM_Zm03788_AC184173-1,1,1,693
>DTM_Zm03788_AC184173-1,2,1,1123
>DTM_Zm04488_AC195819-1,1,1,423
>DTM_Zm04488_AC195819-1,2,1,2782
>DTM_Zm04488_AC195819-1,3,1,1064
>DTM_Zm04817_AC194407-1,1,1,3014
>DTM_Zm04817_AC194407-1,2,1,1428
>DTM_Zm04817_AC194407-1,2,2,391
>DTM_Zm04817_AC194407-1,3,1,645
>DTM_Zm04817_AC194407-1,4,1,1371
>DTM_Zm05382_AC195362-1,1,1,500
>DTM_Zm05382_AC195362-1,2,1,1569
>DTM_Zm05382_AC195362-1,3,1,638
>DTM_Zm05901_AC190666-1,1,1,480
>DTM_Zm05901_AC190666-1,2,1,692
>DTM_Zm05916_AC211649-1,1,1,365
>DTM_Zm05916_AC211649-1,2,1,533
>DTM_Zm05916_AC211649-1,3,1,505
>DTM_Zm06094_AC207124-1,1,1,514
>DTM_Zm06094_AC207124-1,2,1,678
>DTM_Zm06136_AC196794-1,1,1,3137
>DTM_Zm06455_AC195585-1,1,1,651
>DTM_Zm06455_AC195585-1,2,1,1554
>DTM_Zm06455_AC195585-1,3,1,323
>DTM_Zm06456_AC194253-1,1,1,818
>DTM_Zm06456_AC194253-1,2,1,180
>DTM_Zm06456_AC194253-1,3,1,242
>DTM_Zm06456_AC194253-1,4,1,301
>DTM_Zm06456_AC194253-1,5,1,146
>DTM_Zm06456_AC194253-1,6,1,876
>DTM_Zm06948_consensus,1,1,161
>DTM_Zm07209_AC211743-1,1,1,2539
>DTM_Zm08014_AC190710-1,1,1,4007
>DTM_Zm08178_AC186417-1,1,1,1445
>DTM_Zm08178_AC186417-1,2,1,1083
>DTM_Zm08178_AC186417-1,3,1,403
>DTM_Zm08412_AC199539-1,1,1,238
>DTM_Zm08670_AC200188-1,1,1,381
>DTM_Zm08670_AC200188-1,2,1,753
>DTM_Zm08670_AC200188-1,3,1,1174
>DTM_Zm08959_AC199876-1,1,1,450
>DTM_Zm08959_AC199876-1,2,1,597
>DTM_Zm09546_AC191082-1,1,1,1303
>DTM_Zm09546_AC191082-1,2,1,1315
>DTM_Zm09664_AC195786-1,1,1,1341
>DTM_Zm09664_AC195786-1,2,1,1223
>DTM_Zm09664_AC195786-1,3,1,346
>DTM_Zm09664_AC195786-1,4,1,1179
>DTM_Zm09941_consensus,1,1,124
>DTM_Zm10163_AC191604-1,1,1,681
>DTM_Zm10163_AC191604-1,2,1,782
>DTM_Zm10271_AC186904-1,1,1,875
>DTM_Zm10271_AC186904-1,2,1,351
>DTM_Zm10271_AC186904-1,3,1,1013
>DTM_Zm10339_AC191267-1,1,1,517
>DTM_Zm10339_AC191267-1,2,1,126
>DTM_Zm10339_AC191267-1,3,1,721
>DTM_Zm10339_AC191267-1,4,1,376
>DTM_Zm10582IC_AC215679-1,1,1,2018
>DTM_Zm10723_AC196159-1,1,1,868
>DTM_Zm10723_AC196159-1,2,1,938
>DTM_Zm11868_AC202888-1,1,1,3572
>DTM_Zm12110_AC207526-1,1,1,579
>DTM_Zm12110_AC207526-1,2,1,693
>DTM_Zm12110_AC207526-1,3,1,248
>DTM_Zm12576_AC196989-1,1,1,689
>DTM_Zm12576_AC196989-1,2,1,687
>DTM_Zm12720_AC207543-1,1,1,917
>DTM_Zm12720_AC207543-1,2,1,985
>DTM_Zm13526_AC198651-1,1,1,2859
>DTM_Zm13585_AC195825-1,1,1,692
>DTM_Zm13585_AC195825-1,2,1,2233
>DTM_Zm14108_AC190892-1,1,1,4379
>DTM_Zm14377_AC199567-1,1,1,5160
>DTM_Zm14961_AC204776-1,1,1,1131
>DTM_Zm14961_AC204776-1,2,1,1692
>DTM_Zm15241_AC184857-1,1,1,811
>DTM_Zm15241_AC184857-1,2,1,1214
>DTM_Zm15648_AC201970-1,1,1,6427
>DTM_Zm15816_AC194642-1,1,1,680
>DTM_Zm15816_AC194642-1,2,1,1216
>DTM_Zm16884_AC205840-1,1,1,790
>DTM_Zm16884_AC205840-1,2,1,1275
>DTM_Zm17123_consensus,1,1,265
>DTM_Zm17242_AC197682-1,1,1,634
>DTM_Zm17242_AC197682-1,2,1,1210
>DTM_Zm17242_AC197682-1,3,1,802
>DTM_Zm17860_AC184871-1,1,1,1059
>DTM_Zm17860_AC184871-1,2,1,300
>DTM_Zm17860_AC184871-1,3,1,762
>DTM_Zm17880_AC193398-3,1,1,687
>DTM_Zm17880_AC193398-3,2,1,1016
>DTM_Zm18028_consensus,1,1,125
>DTM_Zm18059_AC186819-1,1,1,2008
>DTM_Zm18165_AC204287-1,1,1,4368
>DTM_Zm18165_AC204287-1,2,1,2122
>DTM_Zm18165_AC204287-1,3,1,176
>DTM_Zm18165_AC204287-1,4,1,1995
>DTM_Zm18873_AC215861-1,1,1,116
>DTM_Zm19358_AC198478-1,1,1,393
>DTM_Zm19358_AC198478-1,2,1,556
>DTM_Zm19831_AC209995-1,1,1,719
>DTM_Zm19831_AC209995-1,2,1,1480
>DTM_Zm19831_AC209995-1,3,1,300
>DTM_Zm19950_AC214136-1,1,1,2486
>DTM_Zm20218_AC204546-1,1,1,515
>DTM_Zm20218_AC204546-1,2,1,1372
>DTM_Zm20301_AC191081-1,1,1,3708
>DTM_Zm20615_AC216184-1,1,1,1150
>DTM_Zm20615_AC216184-1,2,1,177
>DTM_Zm20615_AC216184-1,3,1,904
>DTM_Zm21089_AC203211-1,1,1,1834
>DTM_Zm21089_AC203211-1,2,1,810
>DTM_Zm21197_consensus,1,1,153
>DTM_Zm21757_AC193965-1,1,1,591
>DTM_Zm21757_AC193965-1,2,1,393
>DTM_Zm21757_AC193965-1,3,1,907
>DTM_Zm21757_AC193965-1,4,1,377
>DTM_Zm22986_AC206272-1,1,1,595
>DTM_Zm22986_AC206272-1,2,1,438
>DTM_Zm23554_AC210619-1,1,1,3982
>DTM_Zm25163_AC210240-1,1,1,4215
>DTM_Zm25481IC_AC203285-1,1,1,1481
>DTM_Zm25996_AC205363-1,1,1,4233
>DTM_Zm26908_AC183312-1,1,1,4365
>DTM_Zm27731_AC205570-1,1,1,1645
>DTM_Zm27731_AC205570-1,2,1,760
>DTM_Zm27984_AC204868-1,1,1,510
>DTM_Zm27984_AC204868-1,2,1,693
>DTM_Zm28013_AC199567-1,1,1,530
>DTM_Zm28013_AC199567-1,2,1,297
>DTM_Zm28681_AC214113-1,1,1,3703
>DTM_Zm29517_AC196442-1,1,1,1118
>DTM_Zm29517_AC196442-1,2,1,2238
>DTM_Zm30706_AC211930-1,1,1,765
>DTM_Zm30706_AC211930-1,2,1,530
>DTM_Zm31138_AC184695-1,1,1,957
>DTM_Zm31138_AC184695-1,2,1,613
>DTM_Zm32353_AC204762-1,1,1,683
>DTM_Zm32353_AC204762-1,2,1,1075
>DTM_Zm32353_AC204762-1,3,1,296
>DTM_Zm32512_AC187775-1,1,1,901
>DTM_Zm32512_AC187775-1,2,1,454
>DTM_Zm32512_AC187775-1,4,1,464
>DTM_Zm32512_AC187775-1,5,1,1382
>DTM_Zm33202_AC177945-1,1,1,4330
>DTM_Zm33203_AC183914-1,1,1,734
>DTM_Zm33203_AC183914-1,2,1,1085
>DTM_Zm33205_AC203276-1,1,1,626
>DTM_Zm33205_AC203276-1,2,1,2981
>DTM_Zm33206_AC209693-1,1,1,691
>DTM_Zm33206_AC209693-1,2,1,456
>DTM_Zm33207_AC210869-1,1,1,583
>DTM_Zm33207_AC210869-1,2,1,2229
>DTM_Zm33208_AC195911-1,1,1,3255
>DTM_Zm33209_AC185668-1,1,1,2793
>DTM_Zm33210IC_AC204277-1,1,1,2464
>DTM_Zm33211_AC210532-1,1,1,850
>DTM_Zm33211_AC210532-1,2,1,1075
>DTM_Zm33212_AC204930-1,1,1,844
>DTM_Zm33212_AC204930-1,2,1,760
>DTM_Zm33213_AC206876-1,1,1,868
>DTM_Zm33213_AC206876-1,2,1,485
>DTM_Zm33216_AC197010-1,1,1,668
>DTM_Zm33216_AC197010-1,2,1,525
>DTM_Zm33220_AC177941-1,1,1,3254
>DTM_Zm33221_AC192210-1,1,1,3433
>DTM_Zm33222_AC190995-1,1,1,818
>DTM_Zm33222_AC190995-1,2,1,438
>DTM_Zm33222_AC190995-1,3,1,1751
>DTM_Zm33223_AC208969-1,1,1,671
>DTM_Zm33223_AC208969-1,2,1,879
>DTM_Zm33224_AC210149-1,1,1,2595
>DTM_Zm33225IC_AC186510-1,1,1,3717
>DTM_Zm33226_AC202438-1,1,1,448
>DTM_Zm33226_AC202438-1,2,1,667
>DTM_Zm33227IC_AC208221-1,1,1,1737
>DTM_Zm33228_AC197348-1,1,1,773
>DTM_Zm33228_AC197348-1,2,1,1054
>DTM_Zm33229_AC199704-1,1,1,3090
>DTM_Zm33233_AC206057-1,1,1,3711
>DTM_Zm33234_AC208553-1,1,1,416
>DTT_ZM00001_consensus,1,1,2974
>DTT_ZM00002_consensus,1,1,3317
>DTT_ZM00003_consensus,1,1,3201
>DTT_ZM00004_consensus,1,1,2608
>DTT_ZM00005_consensus,1,1,2861
>DTT_ZM00006_consensus,1,1,2748
>DTT_ZM00007_consensus,1,1,3717
>DTT_ZM00011_consensus,1,1,146
>DTT_ZM00012_consensus,1,1,259
>DTT_ZM00014_consensus,1,1,317
>DTT_ZM00019_consensus,1,1,260
>DTT_ZM00020_consensus,1,1,251
>DTT_ZM00021_consensus,1,1,230
>DTT_ZM00023_consensus,1,1,292
>DTT_ZM00028_consensus,1,1,257
>DTT_ZM00029_consensus,1,1,160
>DTT_ZM00032_consensus,1,1,78
>DTT_ZM00034_consensus,1,1,255
>DTT_ZM00036_consensus,1,1,347
>DTT_ZM00037_consensus,1,1,80
>DTT_ZM00038_consensus,1,1,246
>DTT_ZM00040_consensus,1,1,79
>DTT_ZM00041_consensus,1,1,257
>DTT_ZM00046_consensus,1,1,793
>DTT_ZM00048_consensus,1,1,80
>DTT_ZM00049_consensus,1,1,78
>DTT_ZM00054_consensus,1,1,236
>DTT_ZM00055_consensus,1,1,80
>DTT_ZM00056_consensus,1,1,182
>DTT_ZM00057_consensus,1,1,80
>PPP_PPO_AC185414,1,1,2714
>PPP_PPO_AC185414,2,1,778
>RIL_afeda_AC208414-0,1,1,6307
>RIL_cin4_AC210188-0,1,1,561
>RIL_cin4_AC210188-0,2,1,1080
>RIL_edaej_AC215611-0,1,1,415
>RIL_edaej_AC215611-0,2,1,6057
>RIL_ejoet_AC212216-0,1,1,6586
>RIL_ekeje_AC197537-0,1,1,6750
>RIL_etiti_AC211734-0,1,1,407
>RIL_etiti_AC211734-0,2,1,5733
>RIL_gifife_AC206630-0,1,1,847
>RIL_gifife_AC206630-0,2,1,1363
>RIL_gugyve_AC194248-0,1,1,4006
>RIL_ijij_AC200508-0,1,1,6440
>RIL_jikeuf_AC211152-0,1,1,6028
>RIL_keneat_AC209697-0,1,1,7147
>RIL_koajav_AC205853-0,1,1,6792
>RIL_leijoh_AC212369-0,1,1,6523
>RIL_loneok_AC193379-0,1,1,6088
>RIL_naefe_AC212820-0,1,1,6853
>RIL_nubo_AC212389-0,1,1,8496
>RIL_nubo_AC212389-0,2,1,359
>RIL_nugimu_AC203843-0,1,1,4401
>RIL_odoif_AC210308-0,1,1,7130
>RIL_ogepy_AC198740-0,1,1,584
>RIL_ogepy_AC198740-0,2,1,1492
>RIL_ogepy_AC198740-0,3,1,223
>RIL_okor_AC198695-0,1,1,7167
>RIL_okor_AC205906-0,1,1,7421
>RIL_otiot_AC206557-1,1,1,2144
>RIL_oviev_AC204897-0,1,1,6434
>RIL_piivi_AC212400-0,1,1,5424
>RIL_pyelum_AC203928-0,1,1,6771
>RIL_rebaew_AC210723-0,1,1,5953
>RIL_totyru_AC203014-0,1,1,7153
>RIL_udag_AC207804-0,1,1,7819
>RIL_yliij_AC206507-0,1,1,6464
>RIT_colonist_AC209460-0,1,1,754
>RIT_colonist_AC209460-0,2,1,197
>RIT_jare_AC204843-0,1,1,315
>RLC_afad_AC199807-6594,1,1,3412
>RLC_afad_AC199807-6594,2,1,1685
>RLC_agep_AC205112-8618,1,1,1798
>RLC_agep_AC205112-8618,2,1,83
>RLC_agep_AC205112-8618,3,1,81
>RLC_agep_AC205112-8618,4,1,2551
>RLC_ahov_AC193643-3726,1,1,904
>RLC_ahov_AC193643-3726,2,1,4262
>RLC_ajajog_AC191578-3186,1,1,5469
>RLC_ajipe_AC183372-580,1,1,904
>RLC_ajipe_AC183372-580,2,1,75
>RLC_ajit_AC191382-3096,1,1,356
>RLC_ajit_AC191382-3096,2,1,139
>RLC_ajit_AC191382-3096,3,1,2205
>RLC_anar_AC206985-9422,1,1,975
>RLC_atej_AC187217-40,1,1,604
>RLC_atej_AC187217-40,2,1,303
>RLC_atej_AC187217-40,3,1,92
>RLC_atop_AC195158-4437,1,1,5135
>RLC_bihar_AC195875-4766,1,1,1091
>RLC_bihar_AC195875-4766,2,1,1236
>RLC_bote_AC211535-11252,1,1,279
>RLC_bote_AC211535-11252,2,1,772
>RLC_bovo_AC197547-5647,1,1,5173
>RLC_debeh_AC177840-246,1,1,6053
>RLC_depuw_AC208349-9837,1,1,703
>RLC_depuw_AC208349-9837,2,1,95
>RLC_dijap_AC211466-11198,1,1,6042
>RLC_dijap_AC211466-11198,2,1,3534
>RLC_doke_AC186158-1307,1,1,11562
>RLC_donuil_AC196196-5026,1,1,6337
>RLC_dugiab_AC207724-9683,1,1,503
>RLC_dugiab_AC207724-9683,2,1,1012
>RLC_dugiab_AC207724-9683,3,1,215
>RLC_dugiab_AC207724-9683,4,1,206
>RLC_ebel_AC188777-2128,1,1,776
>RLC_ebel_AC188777-2128,2,1,184
>RLC_ebel_AC188777-2128,3,1,279
>RLC_ebel_AC195143-4427,1,1,381
>RLC_ebel_AC195143-4427,2,1,455
>RLC_ebel_AC210216-10670,1,1,531
>RLC_ebel_AC211737-11397,2,1,93
>RLC_ebel_AC213044-12072,1,1,1689
>RLC_ehahu_AC202972-7568,1,1,1421
>RLC_ehahu_AC202972-7568,2,1,237
>RLC_ehahu_AC202972-7568,3,1,232
>RLC_eninu_AC191055-2893,1,1,7235
>RLC_erev_AC194741-136,1,1,2525
>RLC_fehod_AC184774-851,1,1,5045
>RLC_finaij_AC194312-4026,1,1,3043
>RLC_finaij_AC194312-4026,2,1,209
>RLC_fipi_AC195215-4479,1,1,1375
>RLC_fipi_AC195215-4479,2,1,2591
>RLC_fourf_AC202975-7570,1,1,1843
>RLC_fourf_AC202975-7570,2,1,969
>RLC_fuvej_AC194215-3955,1,1,1542
>RLC_fuvej_AC194215-3955,2,1,1660
>RLC_gekog_AC203828-7984,1,1,4732
>RLC_giepum_AC197531-5634,1,1,788
>RLC_giepum_AC197531-5634,1,2,8555
>RLC_giepum_AC197531-5634,2,1,782
>RLC_giepum_AC197531-5634,3,1,228
>RLC_giepum_AC211155-11010,1,1,1256
>RLC_giepum_AC211155-11010,2,1,6371
>RLC_giepum_AC211155-11010,3,1,1274
>RLC_giepum_AC211155-11010,4,1,518
>RLC_giepum_AC211251-11074,1,1,610
>RLC_giepum_AC211251-11074,2,1,10302
>RLC_giepum_AC211251-11074,3,1,512
>RLC_giepum_AC211251-11074,3,2,669
>RLC_gilovu_AC196048-4919,1,1,2015
>RLC_gilovu_AC196048-4919,2,1,2499
>RLC_giream_AC204000-8116,1,1,3014
>RLC_gudyeg_AC206942-9404,1,1,1910
>RLC_gudyeg_AC206942-9404,2,1,1040
>RLC_gugu_AC193480-120,1,1,2421
>RLC_guvi_AC185473-1128,1,1,4674
>RLC_guwo_AC183661-638,1,1,130
>RLC_guwo_AC183661-638,2,1,318
>RLC_guwo_AC183661-638,3,1,121
>RLC_hago_AC195807-4722,1,1,763
>RLC_hago_AC195807-4722,2,1,373
>RLC_hago_AC195807-4722,3,1,102
>RLC_hani_AC186285-1359,1,1,5089
>RLC_hera_AC214536-12775,1,1,3352
>RLC_hera_AC214536-12775,2,1,356
>RLC_hesa_AC204349-8207,1,1,5318
>RLC_hiri_AC187471-44,1,1,4468
>RLC_homy_AC197914-5822,1,1,3090
>RLC_homy_AC197914-5822,2,1,244
>RLC_hopscotch_AC209396-10229,1,1,4865
>RLC_huta_AC210008-10542,1,1,2971
>RLC_huta_AC210008-10542,2,1,210
>RLC_huti_AC197153-5449,1,1,1982
>RLC_huti_AC197153-5449,2,1,2286
>RLC_ibulaf_AC186801-1662,1,1,4622
>RLC_iseb_AC207352-9544,1,1,5407
>RLC_janoov_AC209690-10294,1,1,3264
>RLC_janoov_AC209690-10294,2,1,192
>RLC_japov_AC213985-12447,1,1,184
>RLC_japov_AC213985-12447,2,1,1425
>RLC_jelat_AC194217-3960,1,1,95
>RLC_jelat_AC194217-3960,2,1,944
>RLC_ji_AC186528-1508,1,1,4397
>RLC_ji_AC186528-1508,2,1,5172
>RLC_ji_AC186528-1508,3,1,1461
>RLC_ji_AC195394-4599,1,1,545
>RLC_ji_AC204382-8228,1,1,378
>RLC_ji_AC204382-8228,2,1,400
>RLC_ji_AC209892-10463,1,1,2714
>RLC_ji_AC209892-10463,2,1,5805
>RLC_ji_AC209892-10463,3,1,2196
>RLC_ji_AC211489-11215,1,1,153
>RLC_ji_AC215728-13156,1,1,375
>RLC_ji_AC215728-13156,2,1,375
>RLC_kake_AC186604-1559,1,1,1299
>RLC_kuvi_AC207313-9512,1,1,193
>RLC_kuvi_AC207313-9512,2,1,344
>RLC_kuvi_AC207313-9512,3,1,175
>RLC_kuvi_AC207807-9734,1,1,277
>RLC_kuvi_AC207807-9734,2,1,355
>RLC_kuvi_AC207807-9734,3,1,261
>RLC_labe_AC203760-7937,1,1,3004
>RLC_lafa_AC205893-9045,1,1,1937
>RLC_lafa_AC205893-9045,2,1,1028
>RLC_lafa_AC205893-9045,3,1,262
>RLC_lusi_AC198175-5903,1,1,3255
>RLC_lusi_AC198175-5903,2,1,174
>RLC_machiavelli_AC200490-6883,1,1,1701
>RLC_machiavelli_AC200490-6883,2,1,892
>RLC_mauky_AC195954-4843,1,1,379
>RLC_mauky_AC195954-4843,2,1,341
>RLC_mauky_AC195954-4843,3,1,1305
>RLC_mauky_AC195954-4843,4,1,1899
>RLC_muekeh_AC184787-871,1,1,1380
>RLC_naasuj_AC211569-11281,1,1,142
>RLC_naasuj_AC211569-11281,2,1,573
>RLC_naasuj_AC211569-11281,3,1,163
>RLC_neha_AC215285-13046,1,1,1754
>RLC_neha_AC215285-13046,2,1,352
>RLC_neha_AC215285-13046,3,1,3090
>RLC_nene_AC204294-8188,1,1,105
>RLC_nene_AC204294-8188,2,1,103
>RLC_niki_AC217821-13540,1,1,5125
>RLC_nitat_AC190618-2442,1,1,5042
>RLC_nowuv_AC215510-13095,1,1,5223
>RLC_nuhan_AC206272-9161,1,1,3496
>RLC_nuhan_AC206272-9161,2,1,5862
>RLC_nuhan_AC206272-9161,3,1,494
>RLC_nuhan_AC206272-9161,4,1,605
>RLC_ogiv_AC205856-9034,1,1,4826
>RLC_omud_AC203533-7881,1,1,4147
>RLC_omud_AC203533-7881,2,1,242
>RLC_onal_AC186648-1594,1,1,1225
>RLC_onal_AC186648-1594,2,1,2355
>RLC_opie_AC185480-1137,1,1,80
>RLC_opie_AC187207-1792,2,1,207
>RLC_opie_AC197201-5474,1,1,72
>RLC_opie_AC198173-5898,1,1,182
>RLC_opie_AC201793-7083,1,1,167
>RLC_opie_AC210610-10772,1,1,618
>RLC_opie_AC210610-10772,2,1,1503
>RLC_opie_AC210610-10772,3,1,2990
>RLC_opie_AC210610-10772,4,1,618
>RLC_opie_AC210610-10772,5,1,752
>RLC_opie_AC211653-11340,1,1,89
>RLC_opie_AC211653-11340,2,1,365
>RLC_owiit_AC196151-4998,1,1,3528
>RLC_owiit_AC196151-4998,2,1,347
>RLC_owiit_AC196151-4998,3,1,332
>RLC_pute_AC197188-5467,1,1,549
>RLC_pute_AC197188-5467,2,1,515
>RLC_pute_AC197188-5467,3,1,483
>RLC_raider_AC197426-5583,1,1,270
>RLC_raider_AC197426-5583,2,1,269
>RLC_raider_AC209705-10304,1,1,255
>RLC_raider_AC209705-10304,2,1,255
>RLC_raider_AC209705-10304,3,1,241
>RLC_rely_AC199569-6530,1,1,98
>RLC_rely_AC199569-6530,2,1,343
>RLC_rely_AC199569-6530,3,1,89
>RLC_ruhi_AC205536-8890,1,1,1104
>RLC_ruhi_AC205536-8890,2,1,2208
>RLC_sehoad_AC198380-5972,1,1,2957
>RLC_sehoad_AC198380-5972,2,1,167
>RLC_seko_AC188710-2086,1,1,110
>RLC_seko_AC188710-2086,2,1,111
>RLC_seufyt_AC194940-4361,1,1,5282
>RLC_sofi_AC215261-13035,1,1,224
>RLC_sofi_AC215261-13035,2,1,282
>RLC_stonor_AC212476-11849,1,1,3827
>RLC_taname_AC194273-3998,1,1,1957
>RLC_taname_AC194273-3998,2,1,2204
>RLC_tata_AC205418-8792,1,1,3534
>RLC_tata_AC205418-8792,2,1,589
>RLC_tata_AC205418-8792,3,1,261
>RLC_tatu_AC212076-11563,1,1,5264
>RLC_tiwe_AC187032-1709,1,1,4766
>RLC_tiwewi_AC210937-10935,1,1,4762
>RLC_totu_AC194464-4142,1,1,4961
>RLC_tufe_AC211502-11228,1,1,692
>RLC_tufe_AC211502-11228,2,1,77
>RLC_ubat_AC212211-11652,1,1,920
>RLC_ubel_AC183941-731,1,1,287
>RLC_ubel_AC183941-731,2,1,2307
>RLC_ubel_AC194376-4060,1,1,330
>RLC_ubel_AC194376-4060,2,1,94
>RLC_ubel_AC194376-4060,3,1,227
>RLC_ubel_AC194376-4060,4,1,199
>RLC_ubep_AC210005-10539,1,1,1100
>RLC_ubep_AC210005-10539,2,1,2266
>RLC_ugog_AC206863-9375,1,1,234
>RLC_ugog_AC206863-9375,2,1,2711
>RLC_ugog_AC206863-9375,3,1,177
>RLC_uhun_AC200619-6943,1,1,251
>RLC_uhun_AC200619-6943,2,1,256
>RLC_uhun_AC200619-6943,3,1,214
>RLC_uloh_AC209080-10120,1,1,1339
>RLC_uloh_AC209080-10120,2,1,146
>RLC_ulyg_AC196397-5082,1,1,207
>RLC_ulyg_AC196397-5082,2,1,383
>RLC_ulyg_AC196397-5082,3,1,173
>RLC_ulyg_AC196397-5082,4,1,213
>RLC_urum_AC198861-6159,1,1,5203
>RLC_uwaf_AC197569-5671,1,1,3166
>RLC_uwaf_AC197569-5671,2,1,216
>RLC_victim_AC182414-456,1,1,549
>RLC_victim_AC183319-577,1,1,629
>RLC_vodida_AC203384-7831,1,1,4830
>RLC_volo_AC195546-4646,1,1,5193
>RLC_votaed_AC215881-13209,1,1,1508
>RLC_vuijon_AC194895-4312,1,1,343
>RLC_vuijon_AC194895-4312,2,1,3686
>RLC_wamenu_AC191287-3028,1,1,521
>RLC_wamenu_AC191287-3028,2,1,2407
>RLC_wamenu_AC191287-3028,3,1,308
>RLC_wawo_AC216857-13424,1,1,5555
>RLC_wawo_AC216857-13424,2,1,2536
>RLC_wiwa_AC191531-3153,1,1,5245
>RLC_ydut_AC191122-2965,1,1,1055
>RLC_ydut_AC191122-2965,2,1,2203
>RLC_yrer_AC198936-6221,1,1,286
>RLC_yrer_AC198936-6221,2,1,575
>RLC_yrer_AC198936-6221,3,1,160
>RLC_yrer_AC198936-6221,4,1,263
>RLC_ytar_AC194428-4096,1,1,1847
>RLC_ytar_AC194428-4096,2,1,2947
>RLG_CRM4_AC201761-7053,1,1,477
>RLG_CRM4_AC201761-7053,2,1,1781
>RLG_CRM4_AC201761-7053,3,1,139
>RLG_CRM4_AC206864-9376,1,1,570
>RLG_CRM4_AC206864-9376,2,1,1735
>RLG_CRM4_AC206864-9376,3,1,2391
>RLG_CRM4_AC206864-9376,4,1,97
>RLG_abiri_AC203571-7891,1,1,1131
>RLG_abiri_AC203571-7891,2,1,4002
>RLG_ahoru_AC187284-1845,1,1,5688
>RLG_amiin_AC191769-3319,1,1,5611
>RLG_apil_AC198662-6085,1,1,5312
>RLG_apil_AC204354-8209,1,1,1484
>RLG_apil_AC204354-8209,2,1,1985
>RLG_awuhe_AC190897-2710,1,1,5474
>RLG_bavav_AC208118-9781,1,1,1168
>RLG_bavav_AC208118-9781,2,1,3865
>RLG_bobeg_AC193485-3670,1,1,328
>RLG_bobeg_AC193485-3670,2,1,588
>RLG_bobeg_AC193485-3670,3,1,885
>RLG_bobobo_AC201919-7182,1,1,2208
>RLG_bobobo_AC201919-7182,2,1,1161
>RLG_bobobo_AC201919-7182,3,1,992
>RLG_bogu_AC196148-4995,1,1,2014
>RLG_bogu_AC196148-4995,2,1,192
>RLG_bogu_AC196148-4995,3,1,866
>RLG_bogu_AC198870-6180,1,1,2007
>RLG_bogu_AC198870-6180,2,1,136
>RLG_bogu_AC198870-6180,3,1,423
>RLG_boha_AC205574-8933,1,1,5513
>RLG_boja_AC200053-6723,1,1,1135
>RLG_boja_AC200053-6723,2,1,1747
>RLG_bomevy_AC195138-4424,1,1,3971
>RLG_bomevy_AC195138-4424,2,1,867
>RLG_bosohe_AC185471-1125,1,1,637
>RLG_bosohe_AC185471-1125,2,1,347
>RLG_bosohe_AC190752-2561,1,1,1583
>RLG_bosohe_AC190752-2561,2,1,423
>RLG_bosohe_AC191654-3248,1,1,1686
>RLG_bosohe_AC191654-3248,2,1,192
>RLG_bosohe_AC191654-3248,3,1,754
>RLG_bosohe_AC205330-8724,1,1,1307
>RLG_bosohe_AC205330-8724,2,1,423
>RLG_bosohe_AC205838-9025,1,1,3700
>RLG_bosohe_AC205838-9025,2,1,413
>RLG_bosohe_AC206838-9357,1,1,2258
>RLG_bosohe_AC206838-9357,2,1,352
>RLG_bosohe_AC212057-11553,1,1,5051
>RLG_bosohe_AC213600-12201,1,1,1354
>RLG_bosohe_AC213600-12201,2,1,410
>RLG_bowuow_AC212139-11611,1,1,997
>RLG_bowuow_AC212139-11611,2,1,1053
>RLG_bowuow_AC212139-11611,3,1,592
>RLG_bygum_AC188125-2053,1,1,5068
>RLG_bygum_AC188125-2053,2,1,168
>RLG_bygum_AC188125-2053,3,1,1763
>RLG_cinful-zeon_AC191398-3106,1,1,83
>RLG_cinful-zeon_AC193672-3742,1,1,1518
>RLG_cinful-zeon_AC198933-6214,1,1,665
>RLG_cinful-zeon_AC203004-7602,1,1,606
>RLG_cinful-zeon_AC203004-7602,2,1,111
>RLG_cinful-zeon_AC206171-9091,1,1,101
>RLG_cinful-zeon_AC211144-11003,1,1,144
>RLG_cinful-zeon_AC211144-11003,2,1,320
>RLG_cinful-zeon_AC211573-11290,1,1,714
>RLG_cinful-zeon_AC211573-11290,2,1,248
>RLG_cinful-zeon_AC213887-12415,1,1,166
>RLG_cinful-zeon_AC215255-13029,1,1,213
>RLG_dabe_AC212399-11783,1,1,5445
>RLG_dadeir_AC201957-7187,1,1,2473
>RLG_dadeir_AC201957-7187,2,1,2586
>RLG_dagaf_AC182835-556,1,1,993
>RLG_dagaf_AC182835-556,2,1,948
>RLG_dagaf_AC195302-4533,1,1,635
>RLG_dagaf_AC195302-4533,2,1,635
>RLG_dagaf_AC208646-9966,1,1,633
>RLG_dagaf_AC208646-9966,2,1,726
>RLG_doke_AC197224-5479,1,1,11423
>RLG_ekoj_AC194603-4173,1,1,920
>RLG_ekoj_AC194603-4173,2,1,2117
>RLG_ekoj_AC194603-4173,3,1,283
>RLG_epohi_AC205903-9050,1,1,5104
>RLG_ewib_AC198384-5975,1,1,100
>RLG_ewib_AC198384-5975,2,1,165
>RLG_ewib_AC198384-5975,3,1,696
>RLG_ewib_AC198384-5975,4,1,141
>RLG_ewib_AC207533-9599,1,1,5077
>RLG_ewiut_AC194106-3871,1,1,245
>RLG_ewiut_AC194106-3871,2,1,308
>RLG_ewog_AC212715-11905,1,1,5434
>RLG_fege_AC205532-8884,1,1,5099
>RLG_flip_AC193970-3791,1,1,424
>RLG_flip_AC193970-3791,2,1,87
>RLG_flip_AC193970-3791,3,1,424
>RLG_flip_AC193970-3791,4,1,87
>RLG_flip_AC203163-7675,1,1,240
>RLG_flip_AC203163-7675,2,1,245
>RLG_flip_AC208040-9765,1,1,426
>RLG_flip_AC208040-9765,2,1,427
>RLG_flip_AC213672-12280,1,1,492
>RLG_flip_AC213672-12280,2,1,472
>RLG_fuved_AC204055-8151,1,1,5311
>RLG_gati_AC195589-4669,1,1,5616
>RLG_gofi_AC196116-4977,1,1,5355
>RLG_grande_AC190611-2432,1,1,111
>RLG_grande_AC197914-5823,1,1,105
>RLG_grande_AC200214-6803,1,1,216
>RLG_grande_AC200214-6803,2,1,3017
>RLG_grande_AC200214-6803,3,1,145
>RLG_guhis_AC198413-5999,1,1,7696
>RLG_guwiot_AC207006-9429,1,1,2243
>RLG_guwiot_AC207006-9429,2,1,1141
>RLG_gylu_AC188833-2139,1,1,251
>RLG_gylu_AC188833-2139,2,1,354
>RLG_gyma_AC189750-2238,1,1,1776
>RLG_gyma_AC189750-2238,2,1,100
>RLG_gyma_AC189750-2238,3,1,436
>RLG_gyma_AC189750-2238,4,1,1780
>RLG_gyma_AC189750-2238,4,2,100
>RLG_gyma_AC190530-2365,1,1,2100
>RLG_gyma_AC190530-2365,2,1,2092
>RLG_gyma_AC197250-5506,1,1,1112
>RLG_gyma_AC197250-5506,2,1,1086
>RLG_gyma_AC198939-6228,1,1,1155
>RLG_gyma_AC198939-6228,2,1,1154
>RLG_gyma_AC206653-9288,1,1,851
>RLG_gyma_AC206653-9288,2,1,1044
>RLG_gyma_AC212146-11616,1,1,3487
>RLG_gyma_AC212146-11616,2,1,5272
>RLG_gyte_AC207411-9568,1,1,3396
>RLG_gyte_AC207411-9568,2,1,2228
>RLG_hooni_AC211474-11202,1,1,5421
>RLG_huck_AC194973-4393,1,1,383
>RLG_huck_AC208546-9913,1,1,692
>RLG_huck_AC208546-9913,2,1,371
>RLG_huck_AC208546-9913,3,1,1682
>RLG_huck_AC208546-9913,4,1,700
>RLG_huck_AC208842-10038,1,1,1521
>RLG_huck_AC210804-10865,1,1,110
>RLG_huck_AC210804-10865,2,1,646
>RLG_huck_AC210804-10865,3,1,123
>RLG_huck_AC212331-11708,1,1,89
>RLG_huck_AC213612-12218,1,1,95
>RLG_huck_AC213612-12218,2,1,387
>RLG_hute_AC204317-8199,1,1,3858
>RLG_ijaat_AC199510-6486,1,1,2504
>RLG_ijaat_AC199510-6486,2,1,2555
>RLG_ikal_AC190798-2599,1,1,284
>RLG_ikal_AC190798-2599,2,1,3967
>RLG_ivuk_AC194103-3869,1,1,5282
>RLG_iwim_AC203300-7761,1,1,5279
>RLG_kase_AC212771-11956,1,1,5259
>RLG_kubi_AC195480-4624,1,1,699
>RLG_kubi_AC195480-4624,2,1,441
>RLG_kubi_AC196180-5016,1,1,1503
>RLG_kubi_AC196180-5016,2,1,543
>RLG_labu_AC188126-2057,1,1,2640
>RLG_labu_AC188126-2057,2,1,2652
>RLG_laiwa_AC214288-12602,1,1,4653
>RLG_laiwa_AC214288-12602,2,1,352
>RLG_lata_AC191117-2960,1,1,9053
>RLG_lise_AC211467-11199,1,1,2774
>RLG_lise_AC211467-11199,2,1,2549
>RLG_loba_AC194942-4364,1,1,3123
>RLG_loba_AC194942-4364,2,1,329
>RLG_lowy_AC190530-2366,1,1,5183
>RLG_lute_AC206502-9225,1,1,2525
>RLG_lute_AC206502-9225,2,1,2596
>RLG_lute_AC217373-13492,1,1,1861
>RLG_lute_AC217373-13492,2,1,302
>RLG_lyruom_AC185669-1267,1,1,5080
>RLG_lywy_AC194967-4386,1,1,5231
>RLG_magellan_AC194897-4313,1,1,4012
>RLG_magellan_AC194897-4313,2,1,330
>RLG_maro_AC204359-8211,1,1,5488
>RLG_moorud_AC199961-6697,1,1,3926
>RLG_moorud_AC199961-6697,2,1,866
>RLG_mufeub_AC194206-3950,1,1,5132
>RLG_mywur_AC197359-5559,1,1,2157
>RLG_mywur_AC197359-5559,2,1,352
>RLG_naijaj_AC205556-8907,1,1,5559
>RLG_nakovu_AC206324-9191,1,1,5449
>RLG_nasi_AC205509-8857,1,1,5234
>RLG_nobe_AC198224-5924,1,1,755
>RLG_nobe_AC198224-5924,2,1,4024
>RLG_nopip_AC188036-2052,1,1,5180
>RLG_notu_AC200254-6827,1,1,5361
>RLG_oguod_AC209724-10327,1,1,668
>RLG_oguod_AC209724-10327,2,1,4655
>RLG_ojam_AC198400-5989,1,1,5336
>RLG_ojav_AC202435-7427,1,1,5336
>RLG_ojokat_AC204297-8192,1,1,5558
>RLG_okopam_AC187789-1948,1,1,5466
>RLG_olepo_AC212207-11645,1,1,5379
>RLG_omoha_AC184843-894,1,1,5386
>RLG_ovamef_AC196977-5281,1,1,5405
>RLG_oveah_AC206282-9165,1,1,851
>RLG_oveah_AC206282-9165,2,1,396
>RLG_ovikoh_AC200886-1-999999,1,1,5174
>RLG_pagof_AC198204-5908,1,1,1063
>RLG_pagof_AC198204-5908,2,1,4042
>RLG_pebi_AC207888-9755,1,1,7374
>RLG_pebi_AC207888-9755,2,1,3339
>RLG_piube_AC183505-603,1,1,5206
>RLG_prem1_AC184142-802,1,1,1991
>RLG_prem1_AC184142-802,2,1,332
>RLG_prem1_AC184142-802,3,1,1980
>RLG_prem1_AC186287-1362,1,1,1476
>RLG_prem1_AC186287-1362,2,1,3183
>RLG_prem1_AC191715-3282,1,1,1419
>RLG_prem1_AC191715-3282,2,1,476
>RLG_prem1_AC191715-3282,3,1,1413
>RLG_prem1_AC196065-4927,1,1,1338
>RLG_prem1_AC196065-4927,2,1,1339
>RLG_prem1_AC200105-6751,1,1,986
>RLG_prem1_AC200105-6751,2,1,961
>RLG_prem1_AC200740-6986,1,1,1839
>RLG_prem1_AC200740-6986,2,1,2450
>RLG_prem1_AC201801-7095,1,1,1507
>RLG_prem1_AC201801-7095,2,1,89
>RLG_prem1_AC201801-7095,3,1,1488
>RLG_prem1_AC206253-9147,1,1,1903
>RLG_prem1_AC206253-9147,2,1,1646
>RLG_prem1_AC206253-9147,3,1,1888
>RLG_prem1_AC212325-11702,1,1,1497
>RLG_prem1_AC212325-11702,2,1,1502
>RLG_prem1_AC215184-12949,1,1,1374
>RLG_prem1_AC215184-12949,2,1,105
>RLG_prem1_AC215184-12949,3,1,441
>RLG_prem1_AC215184-12949,4,1,1372
>RLG_puck_AC208456-9876,1,1,970
>RLG_puck_AC208456-9876,2,1,3707
>RLG_puck_AC208456-9876,3,1,2520
>RLG_puck_AC208456-9876,4,1,1608
>RLG_puck_AC208673-9982,1,1,174
>RLG_puck_AC208673-9982,2,1,126
>RLG_puck_AC211927-11478,1,1,226
>RLG_puck_AC211927-11478,2,1,895
>RLG_puck_AC211927-11478,3,1,616
>RLG_puck_AC215312-13067,1,1,285
>RLG_puck_AC215312-13067,2,1,636
>RLG_puck_AC215312-13067,3,1,342
>RLG_reina_AC200147-6773,1,1,5409
>RLG_rimaar_AC197236-5493,1,1,2561
>RLG_rimaar_AC197236-5493,2,1,630
>RLG_rowi_AC203429-7862,1,1,1162
>RLG_rowi_AC203429-7862,2,1,1759
>RLG_rufefu_AC193384-3596,1,1,5566
>RLG_ruugu_AC214105-12477,1,1,2340
>RLG_ruugu_AC214105-12477,2,1,2582
>RLG_satulo_AC197006-5311,1,1,5391
>RLG_sawujo_AC193398-3610,1,1,2157
>RLG_sawujo_AC193398-3610,2,1,1062
>RLG_seuwe_AC210840-10901,1,1,146
>RLG_seuwe_AC210840-10901,2,1,162
>RLG_soger_AC204598-8342,1,1,1349
>RLG_soger_AC204598-8342,2,1,3997
>RLG_sokiit_AC210743-10848,1,1,1577
>RLG_sokiit_AC210743-10848,2,1,402
>RLG_sokiit_AC210743-10848,3,1,957
>RLG_sowu_AC215679-13136,1,1,3877
>RLG_suda_AC215200-12975,1,1,685
>RLG_suda_AC215200-12975,2,1,3960
>RLG_sywu_AC183899-694,1,1,5395
>RLG_taro_AC203167-7686,1,1,147
>RLG_taro_AC203167-7686,2,1,163
>RLG_tekay_AC200856-6996,1,1,3781
>RLG_tekay_AC200856-6996,2,1,2299
>RLG_tekay_AC200856-6996,3,1,3755
>RLG_tekay_AC211245-11065,1,1,2669
>RLG_tekay_AC211245-11065,2,1,4608
>RLG_tekay_AC211245-11065,3,1,398
>RLG_tekay_AC211245-11065,4,1,2637
>RLG_tituer_AC196493-5158,1,1,1564
>RLG_tituer_AC196493-5158,2,1,443
>RLG_tituer_AC196493-5158,3,1,1077
>RLG_tuku_AC177929-405,1,1,1757
>RLG_tuku_AC177929-405,2,1,226
>RLG_tuku_AC177929-405,3,1,282
>RLG_ubid_AC210086-10583,1,1,5449
>RLG_udav_AC196188-5022,1,1,3877
>RLG_udav_AC196188-5022,2,1,1265
>RLG_udokup_AC210420-10735,1,1,3809
>RLG_udokup_AC210420-10735,2,1,414
>RLG_ufonah_AC194064-3852,1,1,805
>RLG_ufonah_AC194064-3852,2,1,369
>RLG_ugano_AC216043-13241,1,1,1342
>RLG_ugano_AC216043-13241,2,1,929
>RLG_ugano_AC216043-13241,3,1,2623
>RLG_ulik_AC205416-8790,1,1,5503
>RLG_umojev_AC204420-8262,1,1,5462
>RLG_uper_AC185487-1151,1,1,5455
>RLG_upus_AC200875-7012,1,1,5455
>RLG_usif_AC206781-9344,1,1,3985
>RLG_usuf_AC208533-9903,1,1,5230
>RLG_uvet_AC194145-3904,1,1,5351
>RLG_uwew_AC187787-1947,1,1,257
>RLG_uwew_AC187787-1947,2,1,791
>RLG_uwum_AC177933-415,2,1,229
>RLG_uwum_AC177933-415,3,1,4212
>RLG_uwum_AC177933-415,4,1,229
>RLG_uwum_AC190887-2701,1,1,2147
>RLG_uwum_AC190887-2701,2,1,1456
>RLG_uwum_AC190887-2701,3,1,2135
>RLG_uwum_AC213069-12092,2,1,225
>RLG_uwum_AC213069-12092,3,1,5579
>RLG_uwum_AC213069-12092,4,1,237
>RLG_uwum_AC213069-12092,4,2,655
>RLG_uwuw_AC198589-6052,1,1,2398
>RLG_uwuw_AC198589-6052,2,1,292
>RLG_vufi_AC198989-6257,1,1,5419
>RLG_waepo_AC190953-2782,1,1,5466
>RLG_weaniv_AC196414-5097,1,1,5321
>RLG_weki_AC194431-4099,1,1,5482
>RLG_wemu_AC204680-8396,1,1,5566
>RLG_witi_AC184140-796,1,1,5490
>RLG_wuwe_AC191412-107,1,1,4520
>RLG_wuwe_AC212122-11600,1,1,5331
>RLG_wyly_AC198779-6150,1,1,1082
>RLG_wyly_AC198779-6150,2,1,890
>RLG_wyly_AC198779-6150,3,1,313
>RLG_xilon-diguus_AC185317-1058,1,1,1668
>RLG_xilon-diguus_AC185317-1058,2,1,107
>RLG_xilon-diguus_AC185317-1058,3,1,375
>RLG_xilon-diguus_AC185317-1058,4,1,288
>RLG_xilon-diguus_AC185317-1058,5,1,1669
>RLG_xilon-diguus_AC185317-1058,6,1,107
>RLG_xilon-diguus_AC195486-4629,1,1,2004
>RLG_xilon-diguus_AC195486-4629,2,1,791
>RLG_xilon-diguus_AC195486-4629,3,1,2007
>RLG_xilon-diguus_AC203313-7774,1,1,1832
>RLG_xilon-diguus_AC203313-7774,2,1,71
>RLG_xilon-diguus_AC203313-7774,2,2,146
>RLG_xilon-diguus_AC203313-7774,3,1,8130
>RLG_xilon-diguus_AC203313-7774,4,1,146
>RLG_yfages_AC197085-5383,1,1,778
>RLG_yfages_AC197085-5383,2,1,349
>RLG_ytub_AC187411-1880,1,1,5516
>RLG_yvoj_AC215638-13124,1,1,5420
>RLG_ywuv_AC197432-5589,1,1,2111
>RLG_ywuv_AC197432-5589,2,1,1063
>RLG_ywyt_AC209975-10517,1,1,11088
>RLX_CRM2_AC206920-9397,1,1,3066
>RLX_CRM3_AC200048-6717,1,1,4427
>RLX_adun_AC193506-122,1,1,2783
>RLX_afeke_AC209700-10302,1,1,1757
>RLX_afuv_AC186332-26,1,1,9837
>RLX_afuv_AC186332-26,2,1,2790
>RLX_ajeb_AC188141-66,1,1,4353
>RLX_alaw_AC197914-166,1,1,1859
>RLX_anim_AC206032-183,1,1,1452
>RLX_arar_AC208428-9858,1,1,4141
>RLX_avahi_AC191363-3084,1,1,6348
>RLX_baha_AC187214-39,1,1,2478
>RLX_baso_AC192251-3423,1,1,1457
>RLX_baso_AC192251-3423,2,1,999
>RLX_bawigu_AC208532-9902,1,1,305
>RLX_bawigu_AC208532-9902,2,1,389
>RLX_beboso_AC190260-76,1,1,2563
>RLX_beby_AC214433-12667,1,1,3079
>RLX_bene_AC198379-5969,1,1,439
>RLX_bene_AC198379-5969,2,1,1506
>RLX_beva_AC190814-90,1,1,5086
>RLX_beva_AC190814-90,2,1,294
>RLX_biwa_AC194319-131,1,1,3806
>RLX_biwa_AC194319-131,2,1,10591
>RLX_bori_AC190960-100,1,1,2725
>RLX_bosovu_AC193480-119,1,1,3053
>RLX_bs1_AC185605-1189,1,1,261
>RLX_bs1_AC185605-1189,2,1,201
>RLX_bs1_AC185605-1189,3,1,461
>RLX_bs1_AC185605-1189,4,1,1043
>RLX_bs1_AC185605-1189,5,1,269
>RLX_bs1_AC208724-10016,1,1,187
>RLX_bs1_AC208724-10016,2,1,747
>RLX_bs1_AC208724-10016,3,1,642
>RLX_buire_AC194484-4158,1,1,667
>RLX_buire_AC194484-4158,2,1,1795
>RLX_bula_AC195180-138,1,1,295
>RLX_bula_AC195180-138,2,1,6213
>RLX_bumy_AC216354-13379,1,1,552
>RLX_bumy_AC216354-13379,2,1,5708
>RLX_dady_AC210684-10809,1,1,1658
>RLX_daju_AC190492-79,1,1,1377
>RLX_dala_AC216254-13336,1,1,1361
>RLX_defub_AC191393-106,1,1,5248
>RLX_defub_AC191393-106,2,1,126
>RLX_defub_AC191393-106,3,1,1628
>RLX_demo_AC202036-173,1,1,1743
>RLX_doba_AC190263-77,1,1,4005
>RLX_efaw_AC190815-91,1,1,3870
>RLX_elalal_AC211887-11443,1,1,457
>RLX_elalal_AC211887-11443,2,1,466
>RLX_emuh_AC193462-157,1,1,1281
>RLX_epiil_AC190716-83,1,1,1502
>RLX_epom_AC196256-5041,1,1,1798
>RLX_etin_AC194319-129,1,1,4375
>RLX_etug_AC187099-1770,1,1,3416
>RLX_ewigyw_AC185312-18,1,1,1706
>RLX_ewot_AC210077-10573,1,1,362
>RLX_ewot_AC210077-10573,2,1,1999
>RLX_ewot_AC210077-10573,3,1,366
>RLX_ewuof_AC188199-68,1,1,5050
>RLX_fajy_AC190874-2682,1,1,1178
>RLX_fajy_AC190874-2682,2,1,473
>RLX_fanuab_AC193594-3712,1,1,320
>RLX_fanuab_AC193594-3712,2,1,2399
>RLX_fara_AC188142-67,1,1,5310
>RLX_fate_AC194466-4144,1,1,335
>RLX_fate_AC194466-4144,2,1,2413
>RLX_gate_AC197186-143,1,1,4601
>RLX_geta_AC187066-33,1,1,2510
>RLX_gotur_AC201794-7086,1,1,339
>RLX_gotur_AC201794-7086,2,1,1004
>RLX_gotur_AC201794-7086,3,1,356
>RLX_guafa_AC188016-60,1,1,3598
>RLX_guali_AC190263-78,1,1,299
>RLX_guali_AC190263-78,2,1,4229
>RLX_guali_AC190263-78,2,2,1305
>RLX_gufa_AC194066-3854,1,1,268
>RLX_gufa_AC194066-3854,2,1,2561
>RLX_gufa_AC194066-3854,3,1,271
>RLX_habu_AC195917-4802,1,1,899
>RLX_habu_AC195917-4802,2,1,357
>RLX_halo_AC205330-8725,1,1,2561
>RLX_hiimam_AC207734-9687,1,1,1451
>RLX_hoda_AC193645-3730,1,1,2956
>RLX_hutu_AC210780-10851,1,1,3469
>RLX_ifab_AC209906-10473,1,1,2462
>RLX_ifab_AC209906-10473,2,1,299
>RLX_ilofaw_AC186598-1545,1,1,3306
>RLX_ilyl_AC196209-163,1,1,1408
>RLX_iwik_AC203371-7824,1,1,2162
>RLX_iwik_AC203371-7824,2,1,968
>RLX_jakek_AC185468-151,1,1,1775
>RLX_jeli_AC200611-6933,1,1,219
>RLX_jeli_AC200611-6933,2,1,2071
>RLX_jeli_AC208705-10001,1,1,1695
>RLX_jeli_AC208705-10001,2,1,1293
>RLX_joemon_AC177891-147,1,1,1237
>RLX_joemon_AC177891-147,2,1,88
>RLX_joemon_AC177891-147,3,1,306
>RLX_jube_AC191704-110,1,1,1175
>RLX_jupek_AC208518-9894,1,1,734
>RLX_jupek_AC208518-9894,2,1,2929
>RLX_juta_AC190498-2318,1,1,3139
>RLX_kahoba_AC186618-29,1,1,2635
>RLX_kahowu_AC205018-178,1,1,2769
>RLX_kaise_AC203928-8059,1,1,1179
>RLX_kawivo_AC186793-30,1,1,9891
>RLX_kinosi_AC183924-714,1,1,343
>RLX_kinosi_AC183924-714,2,1,2507
>RLX_kupu_AC216069-13264,1,1,1387
>RLX_kupu_AC216069-13264,2,1,638
>RLX_lamyab_AC208713-10008,1,1,2010
>RLX_lamyab_AC208713-10008,2,1,382
>RLX_lenu_AC213984-12443,1,1,1716
>RLX_leso_AC215500-13080,1,1,71
>RLX_leso_AC215500-13080,2,1,343
>RLX_leso_AC215500-13080,3,1,73
>RLX_loukuv_AC197842-5799,1,1,653
>RLX_loukuv_AC197842-5799,2,1,399
>RLX_loukuv_AC197842-5799,3,1,2320
>RLX_loukuv_AC197842-5799,4,1,109
>RLX_loukuv_AC197842-5799,5,1,2512
>RLX_loukuv_AC197842-5799,6,1,750
>RLX_luteja_AC183974-769,1,1,1364
>RLX_lyna_AC194093-3868,1,1,1186
>RLX_mafigi_AC216705-13396,1,1,349
>RLX_mafigi_AC216705-13396,2,1,1171
>RLX_mafogo_AC199961-6695,1,1,709
>RLX_mafogo_AC199961-6695,2,1,1267
>RLX_mafogo_AC199961-6695,3,1,343
>RLX_mako_AC200748-6991,1,1,3010
>RLX_maono_AC208340-9832,1,1,2063
>RLX_mewu_AC186332-152,1,1,1449
>RLX_mibaab_AC205139-8652,1,1,830
>RLX_mibaab_AC205139-8652,2,1,1776
>RLX_mijuw_AC190986-101,1,1,1414
>RLX_milt_AC209648-10275,1,1,513
>RLX_milt_AC209648-10275,2,1,92
>RLX_milt_AC209648-10275,2,2,2018
>RLX_milt_AC209648-10275,3,1,518
>RLX_milt_AC209648-10275,3,2,140
>RLX_milt_AC211742-11402,1,1,3270
>RLX_milt_AC211742-11402,2,1,4445
>RLX_miva_AC188030-62,1,1,1881
>RLX_mopin_AC187657-153,1,1,1553
>RLX_mulaf_AC207733-9686,1,1,303
>RLX_mulaf_AC207733-9686,2,1,98
>RLX_mulaf_AC207733-9686,3,1,2620
>RLX_muusi_AC190834-92,1,1,1605
>RLX_nabu_AC187471-45,1,1,144
>RLX_nabu_AC187471-45,2,1,487
>RLX_nabu_AC187471-45,3,1,535
>RLX_nabu_AC187882-57,1,1,174
>RLX_nabu_AC187882-57,2,1,412
>RLX_naiba_AC195481-139,1,1,436
>RLX_naiba_AC195481-139,2,1,1903
>RLX_naiba_AC195481-139,3,1,2594
>RLX_naiba_AC195481-139,4,1,392
>RLX_naiba_AC195481-139,5,1,2274
>RLX_nakuuv_AC199045-169,1,1,2203
>RLX_name_AC197689-5725,1,1,191
>RLX_name_AC197689-5725,2,1,877
>RLX_name_AC197689-5725,3,1,199
>RLX_nana_AC209373-10202,1,1,466
>RLX_nana_AC209373-10202,2,1,419
>RLX_nana_AC209373-10202,3,1,873
>RLX_nana_AC209373-10202,4,1,328
>RLX_naseup_AC196428-5108,1,1,2478
>RLX_naseup_AC196428-5108,2,1,2787
>RLX_neafu_AC185666-1261,1,1,336
>RLX_neafu_AC185666-1261,2,1,293
>RLX_neafu_AC185666-1261,3,1,810
>RLX_neafu_AC185666-1261,4,1,335
>RLX_nisow_AC208616-9947,1,1,371
>RLX_nisow_AC208616-9947,2,1,609
>RLX_nisow_AC208616-9947,3,1,1970
>RLX_niypo_AC191087-2935,1,1,394
>RLX_niypo_AC191087-2935,2,1,711
>RLX_odip_AC216266-13348,1,1,3360
>RLX_odip_AC216266-13348,2,1,456
>RLX_ohag_AC187801-48,1,1,1797
>RLX_ohag_AC187801-48,2,1,1218
>RLX_ohag_AC187801-48,3,1,1247
>RLX_ohag_AC187801-48,4,1,302
>RLX_ohag_AC187801-48,6,1,1272
>RLX_ojah_AC184792-875,1,1,8981
>RLX_okoj_AC198787-167,1,1,1293
>RLX_okur_AC194642-135,1,1,2228
>RLX_onub_AC190523-2356,1,1,12193
>RLX_osed_AC191084-2931,1,1,1909
>RLX_ovev_AC199878-6641,1,1,1732
>RLX_oviil_AC187836-55,1,1,8696
>RLX_oviis_AC209739-10346,1,1,1353
>RLX_ovys_AC187066-34,1,1,6471
>RLX_oweiw_AC190860-2662,1,1,2571
>RLX_owume_AC207119-9459,1,1,1210
>RLX_panen_AC192606-115,1,1,700
>RLX_panen_AC192606-115,2,1,105
>RLX_panen_AC192606-115,3,1,292
>RLX_petopi_AC195376-4582,1,1,734
>RLX_petopi_AC195376-4582,2,1,402
>RLX_petopi_AC195376-4582,3,1,1821
>RLX_pibo_AC201915-172,1,1,2318
>RLX_poarow_AC200533-6899,1,1,2914
>RLX_pope_AC205335-180,1,1,2452
>RLX_raga_AC196386-5066,1,1,899
>RLX_raga_AC196386-5066,2,1,1918
>RLX_raga_AC204541-8305,1,1,1361
>RLX_rijuep_AC188965-2150,1,1,273
>RLX_rijuep_AC188965-2150,2,1,1356
>RLX_ruda_AC195952-4839,1,1,112
>RLX_ruda_AC195952-4839,2,1,96
>RLX_ruda_AC195952-4839,3,1,112
>RLX_ruda_AC202870-7495,1,1,558
>RLX_ruda_AC202870-7495,2,1,597
>RLX_rulo_AC186371-28,1,1,2584
>RLX_ruwi_AC204382-8227,1,1,245
>RLX_ruwi_AC204382-8227,2,1,524
>RLX_saahol_AC198506-6044,1,1,3687
>RLX_sari_AC184117-11,1,1,2146
>RLX_sego_AC188397-69,1,1,2562
>RLX_sela_AC195130-4415,1,1,1725
>RLX_sido_AC204367-8219,1,1,2653
>RLX_small_AC195943-142,1,1,1110
>RLX_small_AC217574-13522,1,1,776
>RLX_soefes_AC212121-11599,1,1,2456
>RLX_teki_AC202867-7492,1,1,1514
>RLX_teuta_AC191650-108,1,1,2196
>RLX_tisy_AC193518-123,1,1,1782
>RLX_tojena_AC187554-1910,1,1,1306
>RLX_toro_AC197199-5471,1,1,994
>RLX_toro_AC197199-5471,2,1,2747
>RLX_tuteh_AC183372-584,1,1,2142
>RLX_tywo_AC187810-53,1,1,3101
>RLX_ubow_AC194933-4355,1,1,1151
>RLX_ubow_AC194933-4355,2,1,2964
>RLX_ugymos_AC182443-149,1,1,5243
>RLX_ujinas_AC217279-13469,1,1,1124
>RLX_ujinas_AC217279-13469,2,1,167
>RLX_ukov_AC204842-177,1,1,770
>RLX_ukov_AC204842-177,2,1,182
>RLX_ulon_AC190608-155,1,1,3607
>RLX_uluil_AC185306-17,1,1,1361
>RLX_urogor_AC186334-1406,1,1,472
>RLX_urogor_AC186334-1406,2,1,435
>RLX_utar_AC212228-11664,1,1,1926
>RLX_uvis_AC197719-164,1,1,1674
>RLX_uwub_AC195372-161,1,1,9401
>RLX_vafim_AC196676-5176,1,1,255
>RLX_vafim_AC196676-5176,2,1,452
>RLX_vafim_AC196676-5176,2,2,721
>RLX_vafim_AC196676-5176,3,1,1594
>RLX_vaofen_AC202996-7597,1,1,2527
>RLX_vedi_AC198992-6258,1,1,303
>RLX_vedi_AC198992-6258,2,1,977
>RLX_vedi_AC198992-6258,3,1,462
>RLX_vedi_AC198992-6258,4,1,808
>RLX_vegu_AC190718-85,1,1,4029
>RLX_vegu_AC190718-85,2,1,579
>RLX_vegu_AC190718-85,3,1,330
>RLX_vora_AC206187-9112,1,1,1027
>RLX_vora_AC206187-9112,2,1,471
>RLX_vora_AC206187-9112,3,1,536
>RLX_vufe_AC194263-159,1,1,1810
>RLX_vuna_AC193505-121,1,1,1521
>RLX_vuna_AC193505-121,2,1,1487
>RLX_vuna_AC193505-121,3,1,127
>RLX_vuna_AC193505-121,4,1,492
>RLX_vuna_AC193505-121,5,1,4034
>RLX_vuna_AC193505-121,6,1,2070
>RLX_vuna_AC193505-121,7,1,2606
>RLX_vusu_AC187081-1751,1,1,6795
>RLX_wawu_AC211017-10990,1,1,950
>RLX_wihov_AC205351-8739,1,1,7678
>RLX_wiolus_AC210058-10567,1,1,311
>RLX_wiolus_AC210058-10567,2,1,882
>RLX_wiru_AC210670-10789,1,1,281
>RLX_wiru_AC210670-10789,2,1,251
>RLX_wiru_AC210670-10789,3,1,301
>RLX_wugaab_AC187472-46,1,1,5422
>RLX_wuywu_AC190718-2536,1,1,418
>RLX_wuywu_AC190718-2536,2,1,442
>RLX_yemi_AC201773-7064,1,1,9765
>RLX_yraj_AC205486-8834,1,1,310
>RLX_yraj_AC205486-8834,2,1,743
>RLX_yraj_AC205486-8834,3,1,230
>RLX_yraj_AC205486-8834,4,1,218
>RLX_yreud_AC198385-5976,1,1,1616
>RLX_ywely_AC190897-98,1,1,3130
>RST_AU_consensus-0,1,1,179
>RST_ZmSINE2,1_consensus-0,1,1,189
>RST_ZmSINE2,2_consensus-0,1,1,236
>RST_ZmSINE2,3_consensus-0,1,1,193
>RST_ZmSINE3_consensus-0,1,1,139
