"","V1","V2"
"1","DHH_Hip1_1",430
"2","DHH_Hip1_14",80
"3","DHH_Hip1_15",76
"4","DHH_Hip1_26",3693
"5","DHH_Hip1_28",3835
"6","DHH_Hip1_3",97
"7","DHH_Hip1_43",3177
"8","DHH_Hip1_5",136
"9","DHH_Hip2_1",643
"10","DHH_Hip2_2",1058
"11","DHH_Hip2_45",299
"12","DHH_Hip5_12",252
"13","DHH_Hip6_2",323
"14","DHH_Hip6_5",248
"15","DHH_Hip7_1",1458
"16","DTA_ZM00001_consensus",2969
"17","DTA_ZM00002_consensus",2871
"18","DTA_ZM00004_consensus",4788
"19","DTA_ZM00005_consensus",783
"20","DTA_ZM00006_consensus",1511
"21","DTA_ZM00007_consensus",3671
"22","DTA_ZM00008_consensus",1451
"23","DTA_ZM00009_consensus",3726
"24","DTA_ZM00010_consensus",2099
"25","DTA_ZM00011_consensus",1747
"26","DTA_ZM00012_consensus",4056
"27","DTA_ZM00013_consensus",4014
"28","DTA_ZM00014_consensus",3796
"29","DTA_ZM00015_consensus",2349
"30","DTA_ZM00016_consensus",3625
"31","DTA_ZM00017_consensus",4015
"32","DTA_ZM00018_consensus",2601
"33","DTA_ZM00019_consensus",2717
"34","DTA_ZM00020_consensus",3612
"35","DTA_ZM00021_consensus",3495
"36","DTA_ZM00022_consensus",3752
"37","DTA_ZM00023_consensus",3813
"38","DTA_ZM00024_consensus",4073
"39","DTA_ZM00025_consensus",3567
"40","DTA_ZM00026_consensus",3258
"41","DTA_ZM00027_consensus",3470
"42","DTA_ZM00028_consensus",2491
"43","DTA_ZM00029_consensus",1574
"44","DTA_ZM00030_consensus",1597
"45","DTA_ZM00031_consensus",1678
"46","DTA_ZM00032_consensus",1328
"47","DTA_ZM00033_consensus",3701
"48","DTA_ZM00034_consensus",3536
"49","DTA_ZM00035_consensus",3328
"50","DTA_ZM00036_consensus",2997
"51","DTA_ZM00037_consensus",3373
"52","DTA_ZM00038_consensus",3390
"53","DTA_ZM00039_consensus",3041
"54","DTA_ZM00041_consensus",3651
"55","DTA_ZM00042_consensus",1246
"56","DTA_ZM00048_consensus",537
"57","DTA_ZM00052_consensus",787
"58","DTA_ZM00054_consensus",629
"59","DTA_ZM00055_consensus",551
"60","DTA_ZM00057_consensus",164
"61","DTA_ZM00058_consensus",154
"62","DTA_ZM00059_consensus",638
"63","DTA_ZM00063_consensus",1367
"64","DTA_ZM00064_consensus",352
"65","DTA_ZM00067_consensus",645
"66","DTA_ZM00068_consensus",1001
"67","DTA_ZM00070_consensus",90
"68","DTA_ZM00071_consensus",3378
"69","DTA_ZM00072_consensus",186
"70","DTA_ZM00075_consensus",146
"71","DTA_ZM00076_consensus",146
"72","DTA_ZM00077_consensus",644
"73","DTA_ZM00079_consensus",936
"74","DTA_ZM00080_consensus",463
"75","DTA_ZM00081_consensus",687
"76","DTA_ZM00082_consensus",444
"77","DTA_ZM00084_consensus",299
"78","DTA_ZM00085_consensus",910
"79","DTA_ZM00088_consensus",985
"80","DTA_ZM00089_consensus",434
"81","DTA_ZM00091_consensus",146
"82","DTA_ZM00095_consensus",624
"83","DTA_ZM00096_consensus",467
"84","DTA_ZM00098_consensus",559
"85","DTA_ZM00099_consensus",80
"86","DTA_ZM00101_consensus",862
"87","DTA_ZM00102_consensus",96
"88","DTA_ZM00103_consensus",625
"89","DTA_ZM00105_consensus",243
"90","DTA_ZM00106_consensus",907
"91","DTA_ZM00108_consensus",781
"92","DTA_ZM00109_consensus",178
"93","DTA_ZM00111_consensus",233
"94","DTA_ZM00112_consensus",396
"95","DTA_ZM00113_consensus",403
"96","DTA_ZM00114_consensus",776
"97","DTA_ZM00115_consensus",271
"98","DTA_ZM00121_consensus",271
"99","DTA_ZM00123_consensus",102
"100","DTA_ZM00124_consensus",231
"101","DTA_ZM00125_consensus",197
"102","DTA_ZM00126_consensus",550
"103","DTA_ZM00129_consensus",478
"104","DTA_ZM00131_consensus",130
"105","DTA_ZM00132_consensus",272
"106","DTA_ZM00133_consensus",671
"107","DTA_ZM00134_consensus",187
"108","DTA_ZM00136_consensus",861
"109","DTA_ZM00137_consensus",166
"110","DTA_ZM00138_consensus",1173
"111","DTA_ZM00139_consensus",380
"112","DTA_ZM00140_consensus",264
"113","DTA_ZM00141_consensus",620
"114","DTA_ZM00142_consensus",185
"115","DTA_ZM00144_consensus",309
"116","DTA_ZM00145_consensus",583
"117","DTA_ZM00146_consensus",498
"118","DTA_ZM00148_consensus",359
"119","DTA_ZM00149_consensus",665
"120","DTA_ZM00150_consensus",682
"121","DTA_ZM00151_consensus",472
"122","DTA_ZM00152_consensus",243
"123","DTA_ZM00153_consensus",1012
"124","DTA_ZM00154_consensus",447
"125","DTA_ZM00155_consensus",614
"126","DTA_ZM00156_consensus",510
"127","DTA_ZM00157_consensus",481
"128","DTA_ZM00158_consensus",296
"129","DTA_ZM00159_consensus",641
"130","DTA_ZM00160_consensus",726
"131","DTA_ZM00162_consensus",224
"132","DTA_ZM00164_consensus",474
"133","DTA_ZM00165_consensus",572
"134","DTA_ZM00166_consensus",244
"135","DTA_ZM00167_consensus",337
"136","DTA_ZM00168_consensus",168
"137","DTA_ZM00169_consensus",370
"138","DTA_ZM00171_consensus",74
"139","DTA_ZM00172_consensus",107
"140","DTA_ZM00173_consensus",162
"141","DTA_ZM00174_consensus",190
"142","DTA_ZM00179_consensus",465
"143","DTA_ZM00180_consensus",343
"144","DTA_ZM00181_consensus",592
"145","DTA_ZM00182_consensus",403
"146","DTA_ZM00183_consensus",234
"147","DTA_ZM00184_consensus",796
"148","DTA_ZM00186_consensus",397
"149","DTA_ZM00187_consensus",883
"150","DTA_ZM00188_consensus",571
"151","DTA_ZM00189_consensus",784
"152","DTA_ZM00190_consensus",432
"153","DTA_ZM00191_consensus",167
"154","DTA_ZM00192_consensus",576
"155","DTA_ZM00194_consensus",348
"156","DTA_ZM00195_consensus",275
"157","DTA_ZM00196_consensus",719
"158","DTA_ZM00197_consensus",691
"159","DTA_ZM00199_consensus",617
"160","DTA_ZM00201_consensus",474
"161","DTA_ZM00202_consensus",362
"162","DTA_ZM00207_consensus",802
"163","DTA_ZM00208_consensus",466
"164","DTA_ZM00209_consensus",150
"165","DTA_ZM00210_consensus",158
"166","DTA_ZM00211_consensus",535
"167","DTA_ZM00212_consensus",786
"168","DTA_ZM00213_consensus",435
"169","DTA_ZM00214_consensus",401
"170","DTA_ZM00215_consensus",79
"171","DTA_ZM00217_consensus",377
"172","DTA_ZM00218_consensus",157
"173","DTA_ZM00219_consensus",195
"174","DTA_ZM00220_consensus",149
"175","DTA_ZM00221_consensus",117
"176","DTA_ZM00224_consensus",144
"177","DTA_ZM00225_consensus",214
"178","DTA_ZM00226_consensus",178
"179","DTA_ZM00227_consensus",85
"180","DTA_ZM00228_consensus",339
"181","DTA_ZM00229_consensus",377
"182","DTA_ZM00230_consensus",157
"183","DTA_ZM00231_consensus",743
"184","DTA_ZM00232_consensus",420
"185","DTA_ZM00233_consensus",619
"186","DTA_ZM00234_consensus",183
"187","DTA_ZM00236_consensus",678
"188","DTA_ZM00237_consensus",750
"189","DTA_ZM00239_consensus",162
"190","DTA_ZM00240_consensus",562
"191","DTA_ZM00241_consensus",234
"192","DTA_ZM00242_consensus",782
"193","DTA_ZM00243_consensus",156
"194","DTA_ZM00245_consensus",801
"195","DTA_ZM00246_consensus",814
"196","DTA_ZM00247_consensus",592
"197","DTA_ZM00248_consensus",316
"198","DTA_ZM00249_consensus",200
"199","DTA_ZM00250_consensus",612
"200","DTA_ZM00251_consensus",358
"201","DTA_ZM00253_consensus",792
"202","DTA_ZM00254_consensus",253
"203","DTA_ZM00255_consensus",876
"204","DTA_ZM00256_consensus",242
"205","DTA_ZM00258_consensus",829
"206","DTA_ZM00259_consensus",944
"207","DTA_ZM00260_consensus",345
"208","DTA_ZM00261_consensus",335
"209","DTA_ZM00262_consensus",410
"210","DTA_ZM00263_consensus",836
"211","DTA_ZM00264_consensus",841
"212","DTA_ZM00265_consensus",388
"213","DTA_ZM00266_consensus",157
"214","DTA_ZM00267_consensus",641
"215","DTA_ZM00270_consensus",315
"216","DTA_ZM00271_consensus",310
"217","DTA_ZM00272_consensus",823
"218","DTA_ZM00274_consensus",210
"219","DTA_ZM00276_consensus",396
"220","DTA_ZM00277_consensus",496
"221","DTA_ZM00278_consensus",653
"222","DTA_ZM00280_consensus",313
"223","DTA_ZM00282_consensus",372
"224","DTA_ZM00283_consensus",536
"225","DTA_ZM00285_consensus",479
"226","DTA_ZM00286_consensus",169
"227","DTA_ZM00287_consensus",1200
"228","DTA_ZM00288_consensus",760
"229","DTA_ZM00289_consensus",796
"230","DTA_ZM00290_consensus",264
"231","DTA_ZM00292_consensus",538
"232","DTA_ZM00294_consensus",301
"233","DTA_ZM00296_consensus",520
"234","DTA_ZM00299_consensus",652
"235","DTA_ZM00300_consensus",112
"236","DTA_ZM00301_consensus",621
"237","DTA_ZM00302_consensus",355
"238","DTA_ZM00303_consensus",157
"239","DTA_ZM00304_consensus",547
"240","DTA_ZM00306_consensus",521
"241","DTA_ZM00308_consensus",446
"242","DTA_ZM00312_consensus",200
"243","DTA_ZM00313_consensus",415
"244","DTA_ZM00314_consensus",367
"245","DTA_ZM00315_consensus",158
"246","DTA_ZM00316_consensus",76
"247","DTA_ZM00317_consensus",158
"248","DTA_ZM00319_consensus",486
"249","DTA_ZM00322_consensus",369
"250","DTA_ZM00323_consensus",181
"251","DTA_ZM00324_consensus",326
"252","DTA_ZM00325_consensus",82
"253","DTA_ZM00326_consensus",561
"254","DTA_ZM00327_consensus",661
"255","DTA_ZM00328_consensus",480
"256","DTA_ZM00329_consensus",528
"257","DTA_ZM00330_consensus",365
"258","DTA_ZM00332_consensus",312
"259","DTA_ZM00333_consensus",235
"260","DTA_ZM00335_consensus",171
"261","DTA_ZM00336_consensus",285
"262","DTA_ZM00339_consensus",167
"263","DTA_ZM00340_consensus",224
"264","DTA_ZM00341_consensus",83
"265","DTA_ZM00343_consensus",534
"266","DTA_ZM00346_consensus",529
"267","DTA_ZM00347_consensus",238
"268","DTA_ZM00348_consensus",175
"269","DTA_ZM00351_consensus",459
"270","DTA_ZM00353_consensus",235
"271","DTA_ZM00356_consensus",166
"272","DTA_ZM00357_consensus",201
"273","DTA_ZM00358_consensus",135
"274","DTA_ZM00361_consensus",736
"275","DTA_ZM00362_consensus",402
"276","DTA_ZM00364_consensus",167
"277","DTA_ZM00365_consensus",596
"278","DTA_ZM00366_consensus",809
"279","DTA_ZM00373_consensus",257
"280","DTA_ZM00374_consensus",131
"281","DTA_ZM00377_consensus",183
"282","DTA_ZM00378_consensus",156
"283","DTA_ZM00379_consensus",164
"284","DTA_ZM00380_consensus",454
"285","DTA_ZM00381_consensus",459
"286","DTA_ZM00382_consensus",142
"287","DTA_ZM00383_consensus",384
"288","DTA_ZM00384_consensus",501
"289","DTA_ZM00385_consensus",285
"290","DTA_ZM00387_consensus",395
"291","DTC_ZM00002_consensus",639
"292","DTC_ZM00003_consensus",600
"293","DTC_ZM00004_consensus",650
"294","DTC_ZM00005_consensus",164
"295","DTC_ZM00006_consensus",2721
"296","DTC_ZM00007_consensus",1773
"297","DTC_ZM00010_consensus",1152
"298","DTC_ZM00012_consensus",92
"299","DTC_ZM00013_consensus",3182
"300","DTC_ZM00014_consensus",9809
"301","DTC_ZM00015_consensus",5583
"302","DTC_ZM00016_consensus",566
"303","DTC_ZM00017_consensus",4500
"304","DTC_ZM00020_consensus",1532
"305","DTC_ZM00021_consensus",1356
"306","DTC_ZM00022_consensus",104
"307","DTC_ZM00023_consensus",82
"308","DTC_ZM00025_consensus",5482
"309","DTC_ZM00026_consensus",1268
"310","DTC_ZM00027_consensus",1172
"311","DTC_ZM00028_consensus",2051
"312","DTC_ZM00030_consensus",938
"313","DTC_ZM00031_consensus",138
"314","DTC_ZM00034_consensus",5166
"315","DTC_ZM00036_consensus",90
"316","DTC_ZM00038_consensus",759
"317","DTC_ZM00041_consensus",2045
"318","DTC_ZM00043_consensus",945
"319","DTC_ZM00044_consensus",1282
"320","DTC_ZM00045_consensus",6572
"321","DTC_ZM00047_consensus",454
"322","DTC_ZM00050_consensus",299
"323","DTC_ZM00051_consensus",7104
"324","DTC_ZM00052_consensus",204
"325","DTC_ZM00053_consensus",384
"326","DTC_ZM00056_consensus",159
"327","DTC_ZM00057_consensus",326
"328","DTC_ZM00059_consensus",350
"329","DTC_ZM00060_consensus",9256
"330","DTC_ZM00061_consensus",2540
"331","DTC_ZM00062_consensus",3350
"332","DTC_ZM00063_consensus",7969
"333","DTC_ZM00065_consensus",108
"334","DTC_ZM00068_consensus",1690
"335","DTC_ZM00069_consensus",5042
"336","DTC_ZM00070_consensus",378
"337","DTC_ZM00072_consensus",365
"338","DTC_ZM00077_consensus",4936
"339","DTC_ZM00078_consensus",78
"340","DTC_ZM00081_consensus",3634
"341","DTC_ZM00082_consensus",1728
"342","DTC_ZM00083_consensus",1705
"343","DTC_ZM00084_consensus",1556
"344","DTC_ZM00085_consensus",694
"345","DTC_ZM00089_consensus",1603
"346","DTC_ZM00091_consensus",193
"347","DTC_ZM00092_consensus",2923
"348","DTC_ZM00093_consensus",1346
"349","DTC_ZM00094_consensus",10989
"350","DTC_ZM00095_consensus",868
"351","DTC_ZM00096_consensus",154
"352","DTC_ZM00098_consensus",78
"353","DTC_ZM00101_consensus",7268
"354","DTC_ZM00102_consensus",684
"355","DTC_ZM00103_consensus",176
"356","DTC_ZM00105_consensus",1603
"357","DTC_ZM00106_consensus",3168
"358","DTC_ZM00107_consensus",5470
"359","DTC_ZM00108_consensus",6480
"360","DTC_ZM00109_consensus",1053
"361","DTC_ZM00110_consensus",150
"362","DTC_ZM00113_consensus",343
"363","DTC_ZM00122_consensus",602
"364","DTC_ZM00125_consensus",259
"365","DTC_ZM00126_consensus",236
"366","DTH_ZM00001_consensus",3833
"367","DTH_ZM00003_consensus",4064
"368","DTH_ZM00004_consensus",3203
"369","DTH_ZM00005_consensus",94
"370","DTH_ZM00011_consensus",844
"371","DTH_ZM00012_consensus",4663
"372","DTH_ZM00013_consensus",3901
"373","DTH_ZM00014_consensus",3501
"374","DTH_ZM00015_consensus",1162
"375","DTH_ZM00016_consensus",1733
"376","DTH_ZM00017_consensus",4491
"377","DTH_ZM00018_consensus",4875
"378","DTH_ZM00019_consensus",3961
"379","DTH_ZM00020_consensus",3596
"380","DTH_ZM00021_consensus",4904
"381","DTH_ZM00022_consensus",4357
"382","DTH_ZM00023_consensus",535
"383","DTH_ZM00024_consensus",1909
"384","DTH_ZM00025_consensus",1905
"385","DTH_ZM00026_consensus",3642
"386","DTH_ZM00027_consensus",3960
"387","DTH_ZM00029_consensus",3848
"388","DTH_ZM00030_consensus",3259
"389","DTH_ZM00031_consensus",3255
"390","DTH_ZM00032_consensus",3210
"391","DTH_ZM00034_consensus",1329
"392","DTH_ZM00035_consensus",6231
"393","DTH_ZM00036_consensus",3198
"394","DTH_ZM00037_consensus",184
"395","DTH_ZM00038_consensus",502
"396","DTH_ZM00039_consensus",268
"397","DTH_ZM00040_consensus",91
"398","DTH_ZM00042_consensus",145
"399","DTH_ZM00043_consensus",190
"400","DTH_ZM00044_consensus",433
"401","DTH_ZM00045_consensus",348
"402","DTH_ZM00048_consensus",192
"403","DTH_ZM00049_consensus",221
"404","DTH_ZM00050_consensus",210
"405","DTH_ZM00051_consensus",532
"406","DTH_ZM00052_consensus",379
"407","DTH_ZM00053_consensus",503
"408","DTH_ZM00054_consensus",402
"409","DTH_ZM00055_consensus",539
"410","DTH_ZM00056_consensus",345
"411","DTH_ZM00057_consensus",447
"412","DTH_ZM00058_consensus",179
"413","DTH_ZM00062_consensus",333
"414","DTH_ZM00071_consensus",170
"415","DTH_ZM00073_consensus",128
"416","DTH_ZM00084_consensus",249
"417","DTH_ZM00089_consensus",126
"418","DTH_ZM00090_consensus",110
"419","DTH_ZM00093_consensus",346
"420","DTH_ZM00096_consensus",460
"421","DTH_ZM00104_consensus",1195
"422","DTH_ZM00114_consensus",210
"423","DTH_ZM00118_consensus",137
"424","DTH_ZM00119_consensus",107
"425","DTH_ZM00124_consensus",258
"426","DTH_ZM00127_consensus",232
"427","DTH_ZM00135_consensus",399
"428","DTH_ZM00140_consensus",665
"429","DTH_ZM00145_consensus",83
"430","DTH_ZM00153_consensus",78
"431","DTH_ZM00159_consensus",231
"432","DTH_ZM00160_consensus",118
"433","DTH_ZM00162_consensus",286
"434","DTH_ZM00163_consensus",117
"435","DTH_ZM00168_consensus",854
"436","DTH_ZM00178_consensus",331
"437","DTH_ZM00180_consensus",290
"438","DTH_ZM00181_consensus",244
"439","DTH_ZM00184_consensus",141
"440","DTH_ZM00193_consensus",297
"441","DTH_ZM00194_consensus",333
"442","DTH_ZM00195_consensus",301
"443","DTH_ZM00199_consensus",227
"444","DTH_ZM00202_consensus",319
"445","DTH_ZM00206_consensus",457
"446","DTH_ZM00211_consensus",266
"447","DTH_ZM00218_consensus",496
"448","DTH_ZM00220_consensus",129
"449","DTH_ZM00226_consensus",127
"450","DTH_ZM00234_consensus",765
"451","DTH_ZM00236_consensus",657
"452","DTH_ZM00240_consensus",769
"453","DTH_ZM00241_consensus",384
"454","DTH_ZM00244_consensus",582
"455","DTH_ZM00246_consensus",309
"456","DTH_ZM00249_consensus",116
"457","DTH_ZM00270_consensus",289
"458","DTH_ZM00273_consensus",324
"459","DTH_ZM00276_consensus",117
"460","DTH_ZM00285_consensus",199
"461","DTH_ZM00288_consensus",219
"462","DTH_ZM00291_consensus",340
"463","DTH_ZM00292_consensus",601
"464","DTH_ZM00307_consensus",192
"465","DTH_ZM00311_consensus",342
"466","DTH_ZM00314_consensus",191
"467","DTH_ZM00316_consensus",224
"468","DTH_ZM00320_consensus",158
"469","DTH_ZM00324_consensus",1135
"470","DTH_ZM00325_consensus",273
"471","DTH_ZM00326_consensus",201
"472","DTH_ZM00327_consensus",78
"473","DTH_ZM00335_consensus",212
"474","DTH_ZM00340_consensus",305
"475","DTH_ZM00347_consensus",384
"476","DTH_ZM00350_consensus",281
"477","DTH_ZM00351_consensus",128
"478","DTH_ZM00358_consensus",208
"479","DTH_ZM00361_consensus",128
"480","DTH_ZM00364_consensus",121
"481","DTH_ZM00367_consensus",193
"482","DTH_ZM00368_consensus",127
"483","DTH_ZM00374_consensus",444
"484","DTH_ZM00382_consensus",108
"485","DTH_ZM00385_consensus",326
"486","DTH_ZM00388_consensus",479
"487","DTH_ZM00391_consensus",166
"488","DTH_ZM00395_consensus",602
"489","DTH_ZM00409_consensus",179
"490","DTH_ZM00410_consensus",191
"491","DTH_ZM00412_consensus",343
"492","DTH_ZM00418_consensus",191
"493","DTH_ZM00424_consensus",234
"494","DTH_ZM00431_consensus",385
"495","DTH_ZM00433_consensus",220
"496","DTH_ZM00451_consensus",800
"497","DTH_ZM00453_consensus",127
"498","DTH_ZM00458_consensus",116
"499","DTH_ZM00460_consensus",98
"500","DTH_ZM00463_consensus",406
"501","DTH_ZM00465_consensus",224
"502","DTH_ZM00471_consensus",332
"503","DTH_ZM00479_consensus",385
"504","DTH_ZM00485_consensus",81
"505","DTH_ZM00489_consensus",190
"506","DTH_ZM00495_consensus",233
"507","DTM_Zm00030_AC190592-1",8356
"508","DTM_Zm00118_consensus",155
"509","DTM_Zm00197_AC185211-1",2526
"510","DTM_Zm00257_consensus",155
"511","DTM_Zm00266_consensus",238
"512","DTM_Zm00268_AC191380-1",1829
"513","DTM_Zm00299_consensus",242
"514","DTM_Zm00346_AC182611-1",419
"515","DTM_Zm00364_AC196271-1",1471
"516","DTM_Zm00473_AC191070-1",1243
"517","DTM_Zm00555_consensus",245
"518","DTM_Zm00614_AC192252-1",1027
"519","DTM_Zm00628_AC207419-1",11222
"520","DTM_Zm00665_AC184764-1",9713
"521","DTM_Zm00673_AC187563-1",1171
"522","DTM_Zm00743_AC177943-1",8557
"523","DTM_Zm00796_consensus",197
"524","DTM_Zm00800_consensus",240
"525","DTM_Zm00850_AC186314-1",1216
"526","DTM_Zm00851_AC186342-1",2888
"527","DTM_Zm00884_AC214130-1",2485
"528","DTM_Zm01468_AC186160-1",4797
"529","DTM_Zm01472_AC185516-1",1376
"530","DTM_Zm01654_consensus",246
"531","DTM_Zm01980_AC186668-1",646
"532","DTM_Zm02039_AC199523-1",349
"533","DTM_Zm02066_AC183508-1",2228
"534","DTM_Zm02084_consensus",204
"535","DTM_Zm02117_AC177838-1",11152
"536","DTM_Zm02275_consensus",254
"537","DTM_Zm02569_AC177893-1",2707
"538","DTM_Zm02656_AC189800-1",2058
"539","DTM_Zm02661_AC177816-1",1987
"540","DTM_Zm02703_AC177838-1",1331
"541","DTM_Zm02731_AC194595-1",8676
"542","DTM_Zm02785_AC190936-1",1238
"543","DTM_Zm02947_AC197071-1",1726
"544","DTM_Zm03238_AC195860-1",373
"545","DTM_Zm03556_AC177900-1",1873
"546","DTM_Zm03723_AC185669-1",2086
"547","DTM_Zm03788_AC184173-1",1816
"548","DTM_Zm04488_AC195819-1",4269
"549","DTM_Zm04817_AC194407-1",6849
"550","DTM_Zm05382_AC195362-1",2707
"551","DTM_Zm05901_AC190666-1",1172
"552","DTM_Zm05916_AC211649-1",1403
"553","DTM_Zm06094_AC207124-1",1192
"554","DTM_Zm06136_AC196794-1",3137
"555","DTM_Zm06455_AC195585-1",2528
"556","DTM_Zm06456_AC194253-1",2563
"557","DTM_Zm06948_consensus",161
"558","DTM_Zm07209_AC211743-1",2539
"559","DTM_Zm08014_AC190710-1",4007
"560","DTM_Zm08178_AC186417-1",2931
"561","DTM_Zm08412_AC199539-1",238
"562","DTM_Zm08670_AC200188-1",2308
"563","DTM_Zm08959_AC199876-1",1047
"564","DTM_Zm09546_AC191082-1",2618
"565","DTM_Zm09664_AC195786-1",4089
"566","DTM_Zm09941_consensus",124
"567","DTM_Zm10163_AC191604-1",1463
"568","DTM_Zm10271_AC186904-1",2239
"569","DTM_Zm10339_AC191267-1",1740
"570","DTM_Zm10582IC_AC215679-1",2018
"571","DTM_Zm10723_AC196159-1",1806
"572","DTM_Zm11868_AC202888-1",3572
"573","DTM_Zm12110_AC207526-1",1520
"574","DTM_Zm12576_AC196989-1",1376
"575","DTM_Zm12720_AC207543-1",1902
"576","DTM_Zm13526_AC198651-1",2859
"577","DTM_Zm13585_AC195825-1",2925
"578","DTM_Zm14108_AC190892-1",4379
"579","DTM_Zm14377_AC199567-1",5160
"580","DTM_Zm14961_AC204776-1",2823
"581","DTM_Zm15241_AC184857-1",2025
"582","DTM_Zm15648_AC201970-1",6427
"583","DTM_Zm15816_AC194642-1",1896
"584","DTM_Zm16884_AC205840-1",2065
"585","DTM_Zm17123_consensus",265
"586","DTM_Zm17242_AC197682-1",2646
"587","DTM_Zm17860_AC184871-1",2121
"588","DTM_Zm17880_AC193398-3",1703
"589","DTM_Zm18028_consensus",125
"590","DTM_Zm18059_AC186819-1",2008
"591","DTM_Zm18165_AC204287-1",8661
"592","DTM_Zm18873_AC215861-1",116
"593","DTM_Zm19358_AC198478-1",949
"594","DTM_Zm19831_AC209995-1",2499
"595","DTM_Zm19950_AC214136-1",2486
"596","DTM_Zm20218_AC204546-1",1887
"597","DTM_Zm20301_AC191081-1",3708
"598","DTM_Zm20615_AC216184-1",2231
"599","DTM_Zm21089_AC203211-1",2644
"600","DTM_Zm21197_consensus",153
"601","DTM_Zm21757_AC193965-1",2268
"602","DTM_Zm22986_AC206272-1",1033
"603","DTM_Zm23554_AC210619-1",3982
"604","DTM_Zm25163_AC210240-1",4215
"605","DTM_Zm25481IC_AC203285-1",1481
"606","DTM_Zm25996_AC205363-1",4233
"607","DTM_Zm26908_AC183312-1",4365
"608","DTM_Zm27731_AC205570-1",2405
"609","DTM_Zm27984_AC204868-1",1203
"610","DTM_Zm28013_AC199567-1",827
"611","DTM_Zm28681_AC214113-1",3703
"612","DTM_Zm29517_AC196442-1",3356
"613","DTM_Zm30706_AC211930-1",1295
"614","DTM_Zm31138_AC184695-1",1570
"615","DTM_Zm32353_AC204762-1",2054
"616","DTM_Zm32512_AC187775-1",3201
"617","DTM_Zm33202_AC177945-1",4330
"618","DTM_Zm33203_AC183914-1",1819
"619","DTM_Zm33205_AC203276-1",3607
"620","DTM_Zm33206_AC209693-1",1147
"621","DTM_Zm33207_AC210869-1",2812
"622","DTM_Zm33208_AC195911-1",3255
"623","DTM_Zm33209_AC185668-1",2793
"624","DTM_Zm33210IC_AC204277-1",2464
"625","DTM_Zm33211_AC210532-1",1925
"626","DTM_Zm33212_AC204930-1",1604
"627","DTM_Zm33213_AC206876-1",1353
"628","DTM_Zm33216_AC197010-1",1193
"629","DTM_Zm33220_AC177941-1",3254
"630","DTM_Zm33221_AC192210-1",3433
"631","DTM_Zm33222_AC190995-1",3007
"632","DTM_Zm33223_AC208969-1",1550
"633","DTM_Zm33224_AC210149-1",2595
"634","DTM_Zm33225IC_AC186510-1",3717
"635","DTM_Zm33226_AC202438-1",1115
"636","DTM_Zm33227IC_AC208221-1",1737
"637","DTM_Zm33228_AC197348-1",1827
"638","DTM_Zm33229_AC199704-1",3090
"639","DTM_Zm33233_AC206057-1",3711
"640","DTM_Zm33234_AC208553-1",416
"641","DTT_ZM00001_consensus",2974
"642","DTT_ZM00002_consensus",3317
"643","DTT_ZM00003_consensus",3201
"644","DTT_ZM00004_consensus",2608
"645","DTT_ZM00005_consensus",2861
"646","DTT_ZM00006_consensus",2748
"647","DTT_ZM00007_consensus",3717
"648","DTT_ZM00011_consensus",146
"649","DTT_ZM00012_consensus",259
"650","DTT_ZM00014_consensus",317
"651","DTT_ZM00019_consensus",260
"652","DTT_ZM00020_consensus",251
"653","DTT_ZM00021_consensus",230
"654","DTT_ZM00023_consensus",292
"655","DTT_ZM00028_consensus",257
"656","DTT_ZM00029_consensus",160
"657","DTT_ZM00032_consensus",78
"658","DTT_ZM00034_consensus",255
"659","DTT_ZM00036_consensus",347
"660","DTT_ZM00037_consensus",80
"661","DTT_ZM00038_consensus",246
"662","DTT_ZM00040_consensus",79
"663","DTT_ZM00041_consensus",257
"664","DTT_ZM00046_consensus",793
"665","DTT_ZM00048_consensus",80
"666","DTT_ZM00049_consensus",78
"667","DTT_ZM00054_consensus",236
"668","DTT_ZM00055_consensus",80
"669","DTT_ZM00056_consensus",182
"670","DTT_ZM00057_consensus",80
"671","PPP_PPO_AC185414",3492
"672","RIL_afeda_AC208414-0",6307
"673","RIL_cin4_AC210188-0",1641
"674","RIL_edaej_AC215611-0",6472
"675","RIL_ejoet_AC212216-0",6586
"676","RIL_ekeje_AC197537-0",6750
"677","RIL_etiti_AC211734-0",6140
"678","RIL_gifife_AC206630-0",2210
"679","RIL_gugyve_AC194248-0",4006
"680","RIL_ijij_AC200508-0",6440
"681","RIL_jikeuf_AC211152-0",6028
"682","RIL_keneat_AC209697-0",7147
"683","RIL_koajav_AC205853-0",6792
"684","RIL_leijoh_AC212369-0",6523
"685","RIL_loneok_AC193379-0",6088
"686","RIL_naefe_AC212820-0",6853
"687","RIL_nubo_AC212389-0",8855
"688","RIL_nugimu_AC203843-0",4401
"689","RIL_odoif_AC210308-0",7130
"690","RIL_ogepy_AC198740-0",2299
"691","RIL_okor_AC198695-0",7167
"692","RIL_okor_AC205906-0",7421
"693","RIL_otiot_AC206557-1",2144
"694","RIL_oviev_AC204897-0",6434
"695","RIL_piivi_AC212400-0",5424
"696","RIL_pyelum_AC203928-0",6771
"697","RIL_rebaew_AC210723-0",5953
"698","RIL_totyru_AC203014-0",7153
"699","RIL_udag_AC207804-0",7819
"700","RIL_yliij_AC206507-0",6464
"701","RIT_colonist_AC209460-0",951
"702","RIT_jare_AC204843-0",315
"703","RLC_afad_AC199807-6594",5097
"704","RLC_agep_AC205112-8618",4513
"705","RLC_ahov_AC193643-3726",5166
"706","RLC_ajajog_AC191578-3186",5469
"707","RLC_ajipe_AC183372-580",979
"708","RLC_ajit_AC191382-3096",2700
"709","RLC_anar_AC206985-9422",975
"710","RLC_atej_AC187217-40",999
"711","RLC_atop_AC195158-4437",5135
"712","RLC_bihar_AC195875-4766",2327
"713","RLC_bote_AC211535-11252",1051
"714","RLC_bovo_AC197547-5647",5173
"715","RLC_debeh_AC177840-246",6053
"716","RLC_depuw_AC208349-9837",798
"717","RLC_dijap_AC211466-11198",9576
"718","RLC_doke_AC186158-1307",11562
"719","RLC_donuil_AC196196-5026",6337
"720","RLC_dugiab_AC207724-9683",1936
"721","RLC_ebel_AC188777-2128",1239
"722","RLC_ebel_AC195143-4427",836
"723","RLC_ebel_AC210216-10670",531
"724","RLC_ebel_AC211737-11397",93
"725","RLC_ebel_AC213044-12072",1689
"726","RLC_ehahu_AC202972-7568",1890
"727","RLC_eninu_AC191055-2893",7235
"728","RLC_erev_AC194741-136",2525
"729","RLC_fehod_AC184774-851",5045
"730","RLC_finaij_AC194312-4026",3252
"731","RLC_fipi_AC195215-4479",3966
"732","RLC_fourf_AC202975-7570",2812
"733","RLC_fuvej_AC194215-3955",3202
"734","RLC_gekog_AC203828-7984",4732
"735","RLC_giepum_AC197531-5634",10353
"736","RLC_giepum_AC211155-11010",9419
"737","RLC_giepum_AC211251-11074",12093
"738","RLC_gilovu_AC196048-4919",4514
"739","RLC_giream_AC204000-8116",3014
"740","RLC_gudyeg_AC206942-9404",2950
"741","RLC_gugu_AC193480-120",2421
"742","RLC_guvi_AC185473-1128",4674
"743","RLC_guwo_AC183661-638",569
"744","RLC_hago_AC195807-4722",1238
"745","RLC_hani_AC186285-1359",5089
"746","RLC_hera_AC214536-12775",3708
"747","RLC_hesa_AC204349-8207",5318
"748","RLC_hiri_AC187471-44",4468
"749","RLC_homy_AC197914-5822",3334
"750","RLC_hopscotch_AC209396-10229",4865
"751","RLC_huta_AC210008-10542",3181
"752","RLC_huti_AC197153-5449",4268
"753","RLC_ibulaf_AC186801-1662",4622
"754","RLC_iseb_AC207352-9544",5407
"755","RLC_janoov_AC209690-10294",3456
"756","RLC_japov_AC213985-12447",1609
"757","RLC_jelat_AC194217-3960",1039
"758","RLC_ji_AC186528-1508",11030
"759","RLC_ji_AC195394-4599",545
"760","RLC_ji_AC204382-8228",778
"761","RLC_ji_AC209892-10463",10715
"762","RLC_ji_AC211489-11215",153
"763","RLC_ji_AC215728-13156",750
"764","RLC_kake_AC186604-1559",1299
"765","RLC_kuvi_AC207313-9512",712
"766","RLC_kuvi_AC207807-9734",893
"767","RLC_labe_AC203760-7937",3004
"768","RLC_lafa_AC205893-9045",3227
"769","RLC_lusi_AC198175-5903",3429
"770","RLC_machiavelli_AC200490-6883",2593
"771","RLC_mauky_AC195954-4843",3924
"772","RLC_muekeh_AC184787-871",1380
"773","RLC_naasuj_AC211569-11281",878
"774","RLC_neha_AC215285-13046",5196
"775","RLC_nene_AC204294-8188",208
"776","RLC_niki_AC217821-13540",5125
"777","RLC_nitat_AC190618-2442",5042
"778","RLC_nowuv_AC215510-13095",5223
"779","RLC_nuhan_AC206272-9161",10457
"780","RLC_ogiv_AC205856-9034",4826
"781","RLC_omud_AC203533-7881",4389
"782","RLC_onal_AC186648-1594",3580
"783","RLC_opie_AC185480-1137",80
"784","RLC_opie_AC187207-1792",207
"785","RLC_opie_AC197201-5474",72
"786","RLC_opie_AC198173-5898",182
"787","RLC_opie_AC201793-7083",167
"788","RLC_opie_AC210610-10772",6481
"789","RLC_opie_AC211653-11340",454
"790","RLC_owiit_AC196151-4998",4207
"791","RLC_pute_AC197188-5467",1547
"792","RLC_raider_AC197426-5583",539
"793","RLC_raider_AC209705-10304",751
"794","RLC_rely_AC199569-6530",530
"795","RLC_ruhi_AC205536-8890",3312
"796","RLC_sehoad_AC198380-5972",3124
"797","RLC_seko_AC188710-2086",221
"798","RLC_seufyt_AC194940-4361",5282
"799","RLC_sofi_AC215261-13035",506
"800","RLC_stonor_AC212476-11849",3827
"801","RLC_taname_AC194273-3998",4161
"802","RLC_tata_AC205418-8792",4384
"803","RLC_tatu_AC212076-11563",5264
"804","RLC_tiwe_AC187032-1709",4766
"805","RLC_tiwewi_AC210937-10935",4762
"806","RLC_totu_AC194464-4142",4961
"807","RLC_tufe_AC211502-11228",769
"808","RLC_ubat_AC212211-11652",920
"809","RLC_ubel_AC183941-731",2594
"810","RLC_ubel_AC194376-4060",850
"811","RLC_ubep_AC210005-10539",3366
"812","RLC_ugog_AC206863-9375",3122
"813","RLC_uhun_AC200619-6943",721
"814","RLC_uloh_AC209080-10120",1485
"815","RLC_ulyg_AC196397-5082",976
"816","RLC_urum_AC198861-6159",5203
"817","RLC_uwaf_AC197569-5671",3382
"818","RLC_victim_AC182414-456",549
"819","RLC_victim_AC183319-577",629
"820","RLC_vodida_AC203384-7831",4830
"821","RLC_volo_AC195546-4646",5193
"822","RLC_votaed_AC215881-13209",1508
"823","RLC_vuijon_AC194895-4312",4029
"824","RLC_wamenu_AC191287-3028",3236
"825","RLC_wawo_AC216857-13424",8091
"826","RLC_wiwa_AC191531-3153",5245
"827","RLC_ydut_AC191122-2965",3258
"828","RLC_yrer_AC198936-6221",1284
"829","RLC_ytar_AC194428-4096",4794
"830","RLG_abiri_AC203571-7891",5133
"831","RLG_ahoru_AC187284-1845",5688
"832","RLG_amiin_AC191769-3319",5611
"833","RLG_apil_AC198662-6085",5312
"834","RLG_apil_AC204354-8209",3469
"835","RLG_awuhe_AC190897-2710",5474
"836","RLG_bavav_AC208118-9781",5033
"837","RLG_bobeg_AC193485-3670",1801
"838","RLG_bobobo_AC201919-7182",4361
"839","RLG_bogu_AC196148-4995",3072
"840","RLG_bogu_AC198870-6180",2566
"841","RLG_boha_AC205574-8933",5513
"842","RLG_boja_AC200053-6723",2882
"843","RLG_bomevy_AC195138-4424",4838
"844","RLG_bosohe_AC185471-1125",984
"845","RLG_bosohe_AC190752-2561",2006
"846","RLG_bosohe_AC191654-3248",2632
"847","RLG_bosohe_AC205330-8724",1730
"848","RLG_bosohe_AC205838-9025",4113
"849","RLG_bosohe_AC206838-9357",2610
"850","RLG_bosohe_AC212057-11553",5051
"851","RLG_bosohe_AC213600-12201",1764
"852","RLG_bowuow_AC212139-11611",2642
"853","RLG_bygum_AC188125-2053",6999
"854","RLG_cinful-zeon_AC191398-3106",83
"855","RLG_cinful-zeon_AC193672-3742",1518
"856","RLG_cinful-zeon_AC198933-6214",665
"857","RLG_cinful-zeon_AC203004-7602",717
"858","RLG_cinful-zeon_AC206171-9091",101
"859","RLG_cinful-zeon_AC211144-11003",464
"860","RLG_cinful-zeon_AC211573-11290",962
"861","RLG_cinful-zeon_AC213887-12415",166
"862","RLG_cinful-zeon_AC215255-13029",213
"863","RLG_CRM4_AC201761-7053",2397
"864","RLG_CRM4_AC206864-9376",4793
"865","RLG_dabe_AC212399-11783",5445
"866","RLG_dadeir_AC201957-7187",5059
"867","RLG_dagaf_AC182835-556",1941
"868","RLG_dagaf_AC195302-4533",1270
"869","RLG_dagaf_AC208646-9966",1359
"870","RLG_doke_AC197224-5479",11423
"871","RLG_ekoj_AC194603-4173",3320
"872","RLG_epohi_AC205903-9050",5104
"873","RLG_ewib_AC198384-5975",1102
"874","RLG_ewib_AC207533-9599",5077
"875","RLG_ewiut_AC194106-3871",553
"876","RLG_ewog_AC212715-11905",5434
"877","RLG_fege_AC205532-8884",5099
"878","RLG_flip_AC193970-3791",1022
"879","RLG_flip_AC203163-7675",485
"880","RLG_flip_AC208040-9765",853
"881","RLG_flip_AC213672-12280",964
"882","RLG_fuved_AC204055-8151",5311
"883","RLG_gati_AC195589-4669",5616
"884","RLG_gofi_AC196116-4977",5355
"885","RLG_grande_AC190611-2432",111
"886","RLG_grande_AC197914-5823",105
"887","RLG_grande_AC200214-6803",3378
"888","RLG_guhis_AC198413-5999",7696
"889","RLG_guwiot_AC207006-9429",3384
"890","RLG_gylu_AC188833-2139",605
"891","RLG_gyma_AC189750-2238",4192
"892","RLG_gyma_AC190530-2365",4192
"893","RLG_gyma_AC197250-5506",2198
"894","RLG_gyma_AC198939-6228",2309
"895","RLG_gyma_AC206653-9288",1895
"896","RLG_gyma_AC212146-11616",8759
"897","RLG_gyte_AC207411-9568",5624
"898","RLG_hooni_AC211474-11202",5421
"899","RLG_huck_AC194973-4393",383
"900","RLG_huck_AC208546-9913",3445
"901","RLG_huck_AC208842-10038",1521
"902","RLG_huck_AC210804-10865",879
"903","RLG_huck_AC212331-11708",89
"904","RLG_huck_AC213612-12218",482
"905","RLG_hute_AC204317-8199",3858
"906","RLG_ijaat_AC199510-6486",5059
"907","RLG_ikal_AC190798-2599",4251
"908","RLG_ivuk_AC194103-3869",5282
"909","RLG_iwim_AC203300-7761",5279
"910","RLG_kase_AC212771-11956",5259
"911","RLG_kubi_AC195480-4624",1140
"912","RLG_kubi_AC196180-5016",2046
"913","RLG_labu_AC188126-2057",5292
"914","RLG_laiwa_AC214288-12602",5005
"915","RLG_lata_AC191117-2960",9053
"916","RLG_lise_AC211467-11199",5323
"917","RLG_loba_AC194942-4364",3452
"918","RLG_lowy_AC190530-2366",5183
"919","RLG_lute_AC206502-9225",5121
"920","RLG_lute_AC217373-13492",2163
"921","RLG_lyruom_AC185669-1267",5080
"922","RLG_lywy_AC194967-4386",5231
"923","RLG_magellan_AC194897-4313",4342
"924","RLG_maro_AC204359-8211",5488
"925","RLG_moorud_AC199961-6697",4792
"926","RLG_mufeub_AC194206-3950",5132
"927","RLG_mywur_AC197359-5559",2509
"928","RLG_naijaj_AC205556-8907",5559
"929","RLG_nakovu_AC206324-9191",5449
"930","RLG_nasi_AC205509-8857",5234
"931","RLG_nobe_AC198224-5924",4779
"932","RLG_nopip_AC188036-2052",5180
"933","RLG_notu_AC200254-6827",5361
"934","RLG_oguod_AC209724-10327",5323
"935","RLG_ojam_AC198400-5989",5336
"936","RLG_ojav_AC202435-7427",5336
"937","RLG_ojokat_AC204297-8192",5558
"938","RLG_okopam_AC187789-1948",5466
"939","RLG_olepo_AC212207-11645",5379
"940","RLG_omoha_AC184843-894",5386
"941","RLG_ovamef_AC196977-5281",5405
"942","RLG_oveah_AC206282-9165",1247
"943","RLG_ovikoh_AC200886-1-999999",5174
"944","RLG_pagof_AC198204-5908",5105
"945","RLG_pebi_AC207888-9755",10713
"946","RLG_piube_AC183505-603",5206
"947","RLG_prem1_AC184142-802",4303
"948","RLG_prem1_AC186287-1362",4659
"949","RLG_prem1_AC191715-3282",3308
"950","RLG_prem1_AC196065-4927",2677
"951","RLG_prem1_AC200105-6751",1947
"952","RLG_prem1_AC200740-6986",4289
"953","RLG_prem1_AC201801-7095",3084
"954","RLG_prem1_AC206253-9147",5437
"955","RLG_prem1_AC212325-11702",2999
"956","RLG_prem1_AC215184-12949",3292
"957","RLG_puck_AC208456-9876",8805
"958","RLG_puck_AC208673-9982",300
"959","RLG_puck_AC211927-11478",1737
"960","RLG_puck_AC215312-13067",1263
"961","RLG_reina_AC200147-6773",5409
"962","RLG_rimaar_AC197236-5493",3191
"963","RLG_rowi_AC203429-7862",2921
"964","RLG_rufefu_AC193384-3596",5566
"965","RLG_ruugu_AC214105-12477",4922
"966","RLG_satulo_AC197006-5311",5391
"967","RLG_sawujo_AC193398-3610",3219
"968","RLG_seuwe_AC210840-10901",308
"969","RLG_soger_AC204598-8342",5346
"970","RLG_sokiit_AC210743-10848",2936
"971","RLG_sowu_AC215679-13136",3877
"972","RLG_suda_AC215200-12975",4645
"973","RLG_sywu_AC183899-694",5395
"974","RLG_taro_AC203167-7686",310
"975","RLG_tekay_AC200856-6996",9835
"976","RLG_tekay_AC211245-11065",10312
"977","RLG_tituer_AC196493-5158",3084
"978","RLG_tuku_AC177929-405",2265
"979","RLG_ubid_AC210086-10583",5449
"980","RLG_udav_AC196188-5022",5142
"981","RLG_udokup_AC210420-10735",4223
"982","RLG_ufonah_AC194064-3852",1174
"983","RLG_ugano_AC216043-13241",4894
"984","RLG_ulik_AC205416-8790",5503
"985","RLG_umojev_AC204420-8262",5462
"986","RLG_uper_AC185487-1151",5455
"987","RLG_upus_AC200875-7012",5455
"988","RLG_usif_AC206781-9344",3985
"989","RLG_usuf_AC208533-9903",5230
"990","RLG_uvet_AC194145-3904",5351
"991","RLG_uwew_AC187787-1947",1048
"992","RLG_uwum_AC177933-415",4670
"993","RLG_uwum_AC190887-2701",5738
"994","RLG_uwum_AC213069-12092",6696
"995","RLG_uwuw_AC198589-6052",2690
"996","RLG_vufi_AC198989-6257",5419
"997","RLG_waepo_AC190953-2782",5466
"998","RLG_weaniv_AC196414-5097",5321
"999","RLG_weki_AC194431-4099",5482
"1000","RLG_wemu_AC204680-8396",5566
"1001","RLG_witi_AC184140-796",5490
"1002","RLG_wuwe_AC191412-107",4520
"1003","RLG_wuwe_AC212122-11600",5331
"1004","RLG_wyly_AC198779-6150",2285
"1005","RLG_xilon-diguus_AC185317-1058",4214
"1006","RLG_xilon-diguus_AC195486-4629",4802
"1007","RLG_xilon-diguus_AC203313-7774",10325
"1008","RLG_yfages_AC197085-5383",1127
"1009","RLG_ytub_AC187411-1880",5516
"1010","RLG_yvoj_AC215638-13124",5420
"1011","RLG_ywuv_AC197432-5589",3174
"1012","RLG_ywyt_AC209975-10517",11088
"1013","RLX_adun_AC193506-122",2783
"1014","RLX_afeke_AC209700-10302",1757
"1015","RLX_afuv_AC186332-26",12627
"1016","RLX_ajeb_AC188141-66",4353
"1017","RLX_alaw_AC197914-166",1859
"1018","RLX_anim_AC206032-183",1452
"1019","RLX_arar_AC208428-9858",4141
"1020","RLX_avahi_AC191363-3084",6348
"1021","RLX_baha_AC187214-39",2478
"1022","RLX_baso_AC192251-3423",2456
"1023","RLX_bawigu_AC208532-9902",694
"1024","RLX_beboso_AC190260-76",2563
"1025","RLX_beby_AC214433-12667",3079
"1026","RLX_bene_AC198379-5969",1945
"1027","RLX_beva_AC190814-90",5380
"1028","RLX_biwa_AC194319-131",14397
"1029","RLX_bori_AC190960-100",2725
"1030","RLX_bosovu_AC193480-119",3053
"1031","RLX_bs1_AC185605-1189",2235
"1032","RLX_bs1_AC208724-10016",1576
"1033","RLX_buire_AC194484-4158",2462
"1034","RLX_bula_AC195180-138",6508
"1035","RLX_bumy_AC216354-13379",6260
"1036","RLX_CRM2_AC206920-9397",3066
"1037","RLX_CRM3_AC200048-6717",4427
"1038","RLX_dady_AC210684-10809",1658
"1039","RLX_daju_AC190492-79",1377
"1040","RLX_dala_AC216254-13336",1361
"1041","RLX_defub_AC191393-106",7002
"1042","RLX_demo_AC202036-173",1743
"1043","RLX_doba_AC190263-77",4005
"1044","RLX_efaw_AC190815-91",3870
"1045","RLX_elalal_AC211887-11443",923
"1046","RLX_emuh_AC193462-157",1281
"1047","RLX_epiil_AC190716-83",1502
"1048","RLX_epom_AC196256-5041",1798
"1049","RLX_etin_AC194319-129",4375
"1050","RLX_etug_AC187099-1770",3416
"1051","RLX_ewigyw_AC185312-18",1706
"1052","RLX_ewot_AC210077-10573",2727
"1053","RLX_ewuof_AC188199-68",5050
"1054","RLX_fajy_AC190874-2682",1651
"1055","RLX_fanuab_AC193594-3712",2719
"1056","RLX_fara_AC188142-67",5310
"1057","RLX_fate_AC194466-4144",2748
"1058","RLX_gate_AC197186-143",4601
"1059","RLX_geta_AC187066-33",2510
"1060","RLX_gotur_AC201794-7086",1699
"1061","RLX_guafa_AC188016-60",3598
"1062","RLX_guali_AC190263-78",5833
"1063","RLX_gufa_AC194066-3854",3100
"1064","RLX_habu_AC195917-4802",1256
"1065","RLX_halo_AC205330-8725",2561
"1066","RLX_hiimam_AC207734-9687",1451
"1067","RLX_hoda_AC193645-3730",2956
"1068","RLX_hutu_AC210780-10851",3469
"1069","RLX_ifab_AC209906-10473",2761
"1070","RLX_ilofaw_AC186598-1545",3306
"1071","RLX_ilyl_AC196209-163",1408
"1072","RLX_iwik_AC203371-7824",3130
"1073","RLX_jakek_AC185468-151",1775
"1074","RLX_jeli_AC200611-6933",2290
"1075","RLX_jeli_AC208705-10001",2988
"1076","RLX_joemon_AC177891-147",1631
"1077","RLX_jube_AC191704-110",1175
"1078","RLX_jupek_AC208518-9894",3663
"1079","RLX_juta_AC190498-2318",3139
"1080","RLX_kahoba_AC186618-29",2635
"1081","RLX_kahowu_AC205018-178",2769
"1082","RLX_kaise_AC203928-8059",1179
"1083","RLX_kawivo_AC186793-30",9891
"1084","RLX_kinosi_AC183924-714",2850
"1085","RLX_kupu_AC216069-13264",2025
"1086","RLX_lamyab_AC208713-10008",2392
"1087","RLX_lenu_AC213984-12443",1716
"1088","RLX_leso_AC215500-13080",487
"1089","RLX_loukuv_AC197842-5799",6743
"1090","RLX_luteja_AC183974-769",1364
"1091","RLX_lyna_AC194093-3868",1186
"1092","RLX_mafigi_AC216705-13396",1520
"1093","RLX_mafogo_AC199961-6695",2319
"1094","RLX_mako_AC200748-6991",3010
"1095","RLX_maono_AC208340-9832",2063
"1096","RLX_mewu_AC186332-152",1449
"1097","RLX_mibaab_AC205139-8652",2606
"1098","RLX_mijuw_AC190986-101",1414
"1099","RLX_milt_AC209648-10275",3281
"1100","RLX_milt_AC211742-11402",7715
"1101","RLX_miva_AC188030-62",1881
"1102","RLX_mopin_AC187657-153",1553
"1103","RLX_mulaf_AC207733-9686",3021
"1104","RLX_muusi_AC190834-92",1605
"1105","RLX_nabu_AC187471-45",1166
"1106","RLX_nabu_AC187882-57",586
"1107","RLX_naiba_AC195481-139",7599
"1108","RLX_nakuuv_AC199045-169",2203
"1109","RLX_name_AC197689-5725",1267
"1110","RLX_nana_AC209373-10202",2086
"1111","RLX_naseup_AC196428-5108",5265
"1112","RLX_neafu_AC185666-1261",1774
"1113","RLX_nisow_AC208616-9947",2950
"1114","RLX_niypo_AC191087-2935",1105
"1115","RLX_odip_AC216266-13348",3816
"1116","RLX_ohag_AC187801-48",5836
"1117","RLX_ojah_AC184792-875",8981
"1118","RLX_okoj_AC198787-167",1293
"1119","RLX_okur_AC194642-135",2228
"1120","RLX_onub_AC190523-2356",12193
"1121","RLX_osed_AC191084-2931",1909
"1122","RLX_ovev_AC199878-6641",1732
"1123","RLX_oviil_AC187836-55",8696
"1124","RLX_oviis_AC209739-10346",1353
"1125","RLX_ovys_AC187066-34",6471
"1126","RLX_oweiw_AC190860-2662",2571
"1127","RLX_owume_AC207119-9459",1210
"1128","RLX_panen_AC192606-115",1097
"1129","RLX_petopi_AC195376-4582",2957
"1130","RLX_pibo_AC201915-172",2318
"1131","RLX_poarow_AC200533-6899",2914
"1132","RLX_pope_AC205335-180",2452
"1133","RLX_raga_AC196386-5066",2817
"1134","RLX_raga_AC204541-8305",1361
"1135","RLX_rijuep_AC188965-2150",1629
"1136","RLX_ruda_AC195952-4839",320
"1137","RLX_ruda_AC202870-7495",1155
"1138","RLX_rulo_AC186371-28",2584
"1139","RLX_ruwi_AC204382-8227",769
"1140","RLX_saahol_AC198506-6044",3687
"1141","RLX_sari_AC184117-11",2146
"1142","RLX_sego_AC188397-69",2562
"1143","RLX_sela_AC195130-4415",1725
"1144","RLX_sido_AC204367-8219",2653
"1145","RLX_small_AC195943-142",1110
"1146","RLX_small_AC217574-13522",776
"1147","RLX_soefes_AC212121-11599",2456
"1148","RLX_teki_AC202867-7492",1514
"1149","RLX_teuta_AC191650-108",2196
"1150","RLX_tisy_AC193518-123",1782
"1151","RLX_tojena_AC187554-1910",1306
"1152","RLX_toro_AC197199-5471",3741
"1153","RLX_tuteh_AC183372-584",2142
"1154","RLX_tywo_AC187810-53",3101
"1155","RLX_ubow_AC194933-4355",4115
"1156","RLX_ugymos_AC182443-149",5243
"1157","RLX_ujinas_AC217279-13469",1291
"1158","RLX_ukov_AC204842-177",952
"1159","RLX_ulon_AC190608-155",3607
"1160","RLX_uluil_AC185306-17",1361
"1161","RLX_urogor_AC186334-1406",907
"1162","RLX_utar_AC212228-11664",1926
"1163","RLX_uvis_AC197719-164",1674
"1164","RLX_uwub_AC195372-161",9401
"1165","RLX_vafim_AC196676-5176",3022
"1166","RLX_vaofen_AC202996-7597",2527
"1167","RLX_vedi_AC198992-6258",2550
"1168","RLX_vegu_AC190718-85",4938
"1169","RLX_vora_AC206187-9112",2034
"1170","RLX_vufe_AC194263-159",1810
"1171","RLX_vuna_AC193505-121",12337
"1172","RLX_vusu_AC187081-1751",6795
"1173","RLX_wawu_AC211017-10990",950
"1174","RLX_wihov_AC205351-8739",7678
"1175","RLX_wiolus_AC210058-10567",1193
"1176","RLX_wiru_AC210670-10789",833
"1177","RLX_wugaab_AC187472-46",5422
"1178","RLX_wuywu_AC190718-2536",860
"1179","RLX_yemi_AC201773-7064",9765
"1180","RLX_yraj_AC205486-8834",1501
"1181","RLX_yreud_AC198385-5976",1616
"1182","RLX_ywely_AC190897-98",3130
"1183","RST_AU_consensus-0",179
"1184","RST_ZmSINE2_1_consensus-0",189
"1185","RST_ZmSINE2_2_consensus-0",236
"1186","RST_ZmSINE2_3_consensus-0",193
"1187","RST_ZmSINE3_consensus-0",139
